vendor,display_name,official_website_status,official_website_url,sample_sku,search_url_template,search_result_mode,search_transport,search_parameter_name,platform_family,search_family,search_entry_mode,runtime_preference,http_search_allowed,browser_required,blocking_risk,verification_level,template_status,confidence_bucket,resolver_hint,product_fetch_mode,interaction_strategy,search_term_strategy,search_term_fallbacks,direct_url_sufficient,search_entry_url,search_container_selector,search_input_selector,search_submit_selector,result_container_selector,result_link_selector,result_match_mode,api_request_url_template,api_response_collection,api_result_id_field,api_result_sku_field,product_url_template,product_extraction_priority,media_strategy,notes
DieselSite,DieselSite,probable,https://www.dieselsite.com/,DS-4WD,https://www.dieselsite.com/search.aspx?find={sku},search_results,GET,find,aspnet_like,path_or_query_search,custom_route_template,browser_first,conditional,yes,low,verified,confirmed,high,manual_user_seed,http_first_browser_fallback,results_page_clickthrough,drop_first_dash_token,,,,,,,,,,,,,,,jsonld>embedded_state>dom,gallery_scope_only,Confirmed manual search URL from site search UI. Existing note: No visible search input found
Dorman,Dorman,probable,https://www.dormanproducts.com/,DOR-600-202,https://www.dormanproducts.com/gsearch.aspx?type=oesearch&origin=oesearch&q={sku},search_results,GET,q,aspnet_like,path_or_query_search,custom_route_template,browser_first,conditional,yes,low,verified,confirmed,high,manual_user_seed,http_first_browser_fallback,results_page_clickthrough,drop_first_dash_token,,,,,,,,,,,,,,,jsonld>embedded_state>dom,gallery_scope_only,Confirmed manual search URL from site search UI. Existing note: No visible search input found
Bosch,Bosch,probable,https://www.bosch.us/,BOS-HP004X,https://www.bosch.us/search.html?q={sku},search_results,GET,q,bigcommerce_like,bigcommerce_search_html_q,catalog_or_storefront_search,browser_first,conditional,yes,low,verified,confirmed,high,manual_user_seed,http_first_browser_fallback,,,,,,,,,,,,,,,,,jsonld>embedded_state>dom,gallery_scope_only,Confirmed manual search URL from site search UI. Existing note: No visible search input found
T-Rex Grilles,T-Rex Grilles,confirmed,https://trexbillet.com/,TREX-51211,https://trexbillet.com/search.html?q={sku},search_results,GET,q,bigcommerce_like,bigcommerce_search_html_q,catalog_or_storefront_search,browser_first,conditional,yes,medium,verified,confirmed,high,manual_bigcommerce_form_validation,http_first_browser_fallback,,,,,,,,,,,,,,,,,jsonld>embedded_state>dom,gallery_scope_only,Browser-validated search route; direct HTTP may hit human verification/405.
Wehrli Custom Fabrication,Wehrli Custom Fabrication,confirmed,https://www.wcfab.com/,WCF-WCF100165-GB,https://www.wcfab.com/search.html?q={sku},search_results,GET,q,bigcommerce_like,bigcommerce_search_html_q,catalog_or_storefront_search,browser_first,conditional,yes,medium,verified,confirmed,high,manual_bigcommerce_form_validation,http_first_browser_fallback,,,,,,,,,,,,,,,,,jsonld>embedded_state>dom,gallery_scope_only,Browser-validated search route; direct HTTP may hit human verification/405.
Bilstein Shock Absorbers,Bilstein Shock Absorbers,probable,https://cart.bilsteinus.com/,BIL-24-158848,https://cart.bilsteinus.com/catalogue?typeofsearch=1&search_query_adv={sku},search_results,GET,search_query_adv,custom,path_or_query_search,custom_route_template,browser_first,conditional,yes,low,verified,confirmed,high,manual_user_seed,http_first_browser_fallback,results_page_clickthrough,drop_first_dash_token,,,,,,,,,,,,,,,jsonld>embedded_state>dom,gallery_scope_only,Confirmed manual search URL from site search UI. Existing note: No visible search input found
Driven Diesel,Driven Diesel,probable,http://www.drivendiesel.com/,DD-73L-OBA,https://www.strictlydiesel.com/isearch3?searchterm={sku},search_results,GET,searchterm,custom,path_or_query_search,custom_route_template,browser_first,conditional,yes,low,verified,confirmed,high,manual_user_seed,http_first_browser_fallback,results_page_clickthrough,drop_first_dash_token,,,,,,,,,,,,,,,jsonld>embedded_state>dom,gallery_scope_only,Vendor uses Strictly Diesel commerce search; cross-domain search route confirmed manually. Existing note: No visible search input found
Full Force Diesel,Full Force Diesel,probable,https://www.fullforcediesel.com/about-us/,FFD-FFD143,https://www.fullforcediesel.com/search?show_in_vexture=Yes&Search={sku},search_results,GET,Search,custom,path_or_query_search,custom_route_template,browser_first,conditional,yes,high,verified,confirmed,high,manual_user_seed,http_first_browser_fallback,results_page_clickthrough,drop_first_dash_token,,,,,,,,,,,,,,,jsonld>embedded_state>dom,gallery_scope_only,Confirmed by manual site search flow: search 123 on site and record resulting URL. Existing note: Bot challenge page
Kleinn Air Horns,Kleinn Air Horns,probable,https://kleinn.com/,KLN-6880,https://kleinn.com/search?q={sku},search_results,GET,q,custom,generic_q_search,custom_route_template,http_first_with_browser_fallback,conditional,yes,high,verified,confirmed,high,manual_user_seed,http_first_browser_fallback,shopify_suggest_json,drop_first_dash_token,,,,,,,,,,https://kleinn.com/search/suggest.json?q={sku}&resources[type]=product&resources[limit]=5,,,,,jsonld>embedded_state>dom,gallery_scope_only,Confirmed by manual site search flow: search 123 on site and record resulting URL. Existing note: search-template fetch error: HTTP Error 429: Too Many Requests
SunCoast Performance,SunCoast Performance,confirmed,https://suncoastdiesel.com/,SC-68-1,https://suncoastdiesel.com/search-diesel.html?orientation=vertical&q={sku},search_results,GET,q,custom,path_or_query_search,custom_route_template,browser_first,conditional,yes,low,verified,confirmed,high,manual_user_seed,http_first_browser_fallback,results_page_clickthrough,drop_first_dash_token,,,,,,,,,,,,,,,jsonld>embedded_state>dom,gallery_scope_only,Confirmed manual search URL from site search UI. Existing note: No visible search input found
Apex Chassis,Apex Chassis,probable,https://apexchassis.com/,APX-BJ162,https://apexchassis.com/search?q={sku}&search=,search_results,GET,q,generic_get_search,generic_q_search,direct_query_template,browser_first,conditional,yes,low,verified,confirmed,high,manual_user_seed,http_first_browser_fallback,,,,,,,,,,,,,,,,,jsonld>embedded_state>dom,gallery_scope_only,Confirmed manual search URL from site search UI. Existing note: No visible search input found
ISSPRO,ISSPRO,confirmed,https://isspro.com/,ISS-R8912,https://isspro.com/Search/PartNoSearch?q={sku},search_results,GET,q,generic_get_search,part_number_search,custom_route_template,browser_first,conditional,yes,low,probed,probed,medium,common_template_probe,http_first_browser_fallback,results_page_clickthrough,drop_first_dash_token,,no,https://isspro.com/Search/PartNoSearch?q={sku},,,,,a[href*='/aftermarket/'][href$='.html'],first_result,,,,,,jsonld>embedded_state>dom,gallery_scope_only,isspro.com product URLs are /aftermarket/{slug}.html (with .html). Category links lack .html. Browser-first required (JS-rendered results). Strip ISS- prefix before search.
S&B,S&B,confirmed,https://sbfilters.com/,SB-832018,https://sbfilters.com/pages/search?query={sku},search_results,GET,query,generic_get_search,generic_query_search,direct_query_template,browser_first,conditional,yes,high,verified,confirmed,high,manual_user_seed,http_first_browser_fallback,,,,,,,,,,,,,,,,,jsonld>embedded_state>dom,gallery_scope_only,Confirmed manual search URL from site search UI. Existing note: search-template fetch error: HTTP Error 429: Too Many Requests
American Racing Wheels | ATX Series,American Racing Wheels | ATX Series,probable,https://www.atxwheels.com/,AR-AR1726882,https://www.atxwheels.com/catalogsearch/result/?q={sku},search_results,GET,q,magento,magento_catalogsearch,catalog_or_storefront_search,browser_first,conditional,yes,low,verified,confirmed,high,manual_user_seed,http_first_browser_fallback,,,,,,,,,,,,,,,,,jsonld>embedded_state>dom,gallery_scope_only,Confirmed manual search URL from site search UI. Existing note: No visible search input found
Borne Off-Road,Borne Off-Road,probable,https://rogue-offroad.com/Borne-Off-Road_bymfg_275-0-1.html,BOR-BNSB-8,https://www.borne.com/catalogsearch/result/?q={sku},search_results,GET,q,magento,magento_catalogsearch,catalog_or_storefront_search,browser_first,conditional,yes,high,verified,confirmed,high,manual_user_seed,http_first_browser_fallback,,,,,,,,,,,,,,,,,jsonld>embedded_state>dom,gallery_scope_only,Confirmed manual search URL from site search UI. Existing note: Bot challenge page
Alpharex,Alpharex Performance Lighting,probable,https://alpharexusa.com/,ARX-880538,https://alpharexusa.com/search?type=product&options%5Bunavailable_products%5D=last&options%5Bprefix%5D=last&q={sku},search_results,GET,q,shopify,shopify_product_search,custom_route_template,browser_first,conditional,yes,high,verified,confirmed,high,manual_user_seed,http_first_browser_fallback,results_page_clickthrough,drop_first_dash_token,,no,https://alpharexusa.com/,,,,body search results page,a[href*='/products/'],first_result,,,,,,jsonld>embedded_state>dom,gallery_scope_only,"Confirmed manual search URL from site search UI. Existing note: Bot challenge page. March 14, 2026 live follow-up: exact ARX-* queries did not resolve on the current search stack; stripped numeric-tail queries returned results, but site result SKUs now surface as AHL/AXHL and ARX-810003 overmatched with 12 results. Keep out of the shared Shopify-suggest subgroup until stronger scoring or identifier bridging is added. | Use the standard Alpharex search results page, strip the leading ARX token before search, then click the first /products/ result and confirm on the detail page."
Irate Diesel Performance,Irate Diesel Performance,probable,https://www.iratediesel.com/about-us/,IDP-T4CMSSD,https://www.iratediesel.com/?s={sku},search_results,GET,s,wordpress_like,wordpress_s_query,direct_query_template,browser_first,conditional,yes,high,verified,confirmed,high,manual_user_seed,http_first_browser_fallback,,,,,,,,,,,,,,,,,jsonld>embedded_state>dom,gallery_scope_only,Confirmed by manual site search flow: search 123 on site and record resulting URL. Existing note: Bot challenge page
Mac's Custom Tie Downs,Mac's Custom Tie Downs,probable,https://www.macscustomtiedowns.com/,MAC-520215,https://www.macscustomtiedowns.com/search.aspx?ss={sku},search_results,GET,ss,aspnet_like,asp_search_ss,catalog_or_storefront_search,http_first,yes,no,low,verified,confirmed,high,manual_cleanup_from_browser_validation,http_first,,,,,,,,,,,,,,,,,jsonld>embedded_state>dom,gallery_scope_only,
ProActive Gears,ProActive Gears,probable,https://www.proactivegears.com/,PAG-21966,https://www.proactivegears.com/searchresults.asp?Search={sku}&Submit=,search_results,GET,Search,aspnet_like,custom_search,custom_route_template,http_first,yes,no,low,verified,confirmed,high,playwright_search_submit,http_first,,,,,,,,,,,,,,,,,jsonld>embedded_state>dom,gallery_scope_only,
Aeroturbine,Aeroturbine,probable,https://www.aeroturbineparts.com/about/,AERO-AR20,https://aeroexhaust.com/search.html?q={sku},search_results,GET,q,bigcommerce_like,bigcommerce_search_html_q,catalog_or_storefront_search,http_first,yes,no,low,verified,confirmed,high,manual_user_seed_cross_domain,http_first,results_page_clickthrough,identity,,no,https://aeroexhaust.com/,,,,body search results page,a[href*='/i-'],first_result,,,,,,jsonld>embedded_state>dom,gallery_scope_only,Confirmed manual search route on vendor domain: https://aeroexhaust.com/search.html?q={sku}. | Use exact SKU as-is on the BigCommerce search results page and click the first /i-... result link.
Beans Diesel | Bean Machine,Beans Diesel | Bean Machine,probable,https://bdpshop.com/,BDP-280003,https://bdpshop.com/search.php?search_query={sku},search_results,GET,search_query,bigcommerce_like,bigcommerce_search_php_query,catalog_or_storefront_search,http_first,yes,no,low,verified,confirmed,high,playwright_search_submit,http_first,results_page_clickthrough,drop_first_dash_token,,no,https://bdpshop.com/,,,,body search results page,a[href*='?searchid='],first_result,,,,,,jsonld>embedded_state>dom,gallery_scope_only,"Strip the leading BDP token before search, then click the first scored searchid result."
Calibrated Power,Calibrated Power,probable,https://duramaxtuner.com/,CP-03046LPS,https://duramaxtuner.com/search.html?Search={sku},search_results,GET,Search,bigcommerce_like,path_or_query_search,custom_route_template,http_first,yes,no,low,probed,probed,medium,common_template_probe,http_first,results_page_clickthrough,drop_first_dash_token,,,,,,,,,,,,,,,jsonld>embedded_state>dom,gallery_scope_only,
Centerforce Performance Clutch,Centerforce Performance Clutch,probable,https://www.centerforce.com/,CFC-N1774,https://www.centerforce.com/search.html?q={sku},search_results,GET,q,bigcommerce_like,bigcommerce_search_html_q,catalog_or_storefront_search,http_first,yes,no,low,verified,confirmed,high,manual_user_seed,http_first,results_page_clickthrough,drop_first_dash_token,,no,https://www.centerforce.com/,,,,body search results page,a[href*='/i-'],first_result,,,,,,jsonld>embedded_state>dom,gallery_scope_only,"Confirmed manual search URL from site search UI. Existing note: Search results page | Strip the leading vendor token before search, then click the first /i-... result link on the BigCommerce results page."
Clutch Masters,Clutch Masters,probable,https://clutchmasters.com/,CM-05CM2-TD12R-S,https://clutchmasters.com/search.html?q={sku},search_results,GET,q,bigcommerce_like,bigcommerce_search_html_q,catalog_or_storefront_search,http_first,yes,no,low,verified,confirmed,high,manual_user_seed,http_first,results_page_clickthrough,identity,,no,https://clutchmasters.com/,,,,body search results page,a[href*='/i-'],first_result,,,,,,jsonld>embedded_state>dom,gallery_scope_only,Confirmed manual search URL from site search UI. Existing note: Search returned no results | Use exact SKU as-is and click the first /i-... result on the BigCommerce results page.
ComeUp Winch,ComeUp Winch,probable,https://www.comeupwinch.com/,CU-295620,https://comeupwinch.com/search.php?search_query={sku},search_results,GET,search_query,bigcommerce_like,bigcommerce_search_php_query,catalog_or_storefront_search,http_first,yes,no,low,probed,probed,medium,common_template_probe,http_first,,,,,,,,,,,,,,,,,jsonld>embedded_state>dom,gallery_scope_only,
Crown Brake Lines,Crown Brake Lines,confirmed,https://crownperformance.com/,CROWN-GM77FR-00-CLE,https://crownperformance.com/search.php?search_query={sku},search_results,GET,search_query,bigcommerce_like,bigcommerce_search_php_query,catalog_or_storefront_search,http_first,yes,no,low,probed,probed,medium,common_template_probe,http_first,results_page_clickthrough,drop_first_dash_token,,no,https://crownperformance.com/,,,,body search results page,a[href*='?searchid='],first_result,,,,,,jsonld>embedded_state>dom,gallery_scope_only,"Strip the leading CROWN token before search, then click the first scored searchid result from the BigCommerce results page."
DuramaxTuner.com,DuramaxTuner.com,probable,https://duramaxtuner.com/,DT-CPS200340,https://duramaxtuner.com/search.html?q={sku},search_results,GET,q,bigcommerce_like,bigcommerce_search_html_q,catalog_or_storefront_search,http_first,yes,no,low,probed,probed,medium,common_template_probe,http_first,results_page_clickthrough,drop_first_dash_token,,no,https://duramaxtuner.com/,,,,body search results page,a[href*='/i-'],first_result,,,,,,jsonld>embedded_state>dom,gallery_scope_only,"Strip the leading DT token before search, then click the first /i-... result link."
Flyin Diesel,Flyin Diesel,probable,https://flyindiesel.com/,FD-5967-BLACK,https://flyindiesel.com/search.html?q={sku},search_results,GET,q,bigcommerce_like,bigcommerce_search_html_q,catalog_or_storefront_search,http_first,yes,no,low,verified,confirmed,high,manual_user_seed,http_first,results_page_clickthrough,drop_first_dash_token,drop_first_dash_token>drop_last_dash_segment,no,https://flyindiesel.com/,,,,body search results page,a[href*='/i-'],first_result,,,,,,jsonld>embedded_state>dom,gallery_scope_only,"Confirmed manual search route: https://flyindiesel.com/search.html?q={sku}. | Strip the leading FD token first; if no result, also drop the trailing dash segment to reach the base part number, then click the first /i-... result."
Fuelab,Fuelab,probable,https://fuelab.com/,FL-50102,https://fuelab.com/search.html?q={sku},search_results,GET,q,bigcommerce_like,bigcommerce_search_html_q,catalog_or_storefront_search,http_first,yes,no,low,verified,confirmed,high,manual_user_seed,http_first,results_page_clickthrough,drop_first_dash_token,,no,https://fuelab.com/,,,,body search results page,a[href*='/i-'],first_result,,,,,,jsonld>embedded_state>dom,gallery_scope_only,"Confirmed manual search route: https://fuelab.com/search.html?q={sku}. | Strip the leading FL token before search, then click the first /i-... result link on the BigCommerce results page."
Injen Technology,Injen Technology,probable,https://injen.com/,INJ-EVO7008,https://injen.com/search.html?q={sku},search_results,GET,q,bigcommerce_like,bigcommerce_search_html_q,catalog_or_storefront_search,http_first,yes,no,low,verified,confirmed,high,playwright_search_submit,http_first,results_page_clickthrough,drop_first_dash_token,,no,https://injen.com/,,,,body search results page,a[href*='/i-'],first_result,,,,,,jsonld>embedded_state>dom,gallery_scope_only,"Strip the leading INJ token before search, then click the first /i-... result link."
Longhorn Fab Shop,Longhorn Fab Shop,probable,https://longhornfabshop.com/,LFS-201051,https://longhornfabshop.com/search.php?search_query={sku},search_results,GET,search_query,bigcommerce_like,bigcommerce_search_php_query,catalog_or_storefront_search,http_first,yes,no,low,verified,confirmed,high,playwright_search_submit,http_first,results_page_clickthrough,identity,drop_first_dash_token,no,https://longhornfabshop.com/,,,,body search results page,a[href*='?searchid='],first_result,,,,,,jsonld>embedded_state>dom,gallery_scope_only,"Treat Longhorn as a BigCommerce clickthrough vendor with a safe fallback chain: try the incoming search term as-is first, then retry without the leading vendor token when the sheet or Shopify cache provides an LFS-prefixed SKU."
Mechman Alternators,Mechman Alternators,probable,https://www.mechman.com/,MECH-7796240,https://www.mechman.com/search.php?search_query={sku},search_results,GET,search_query,bigcommerce_like,bigcommerce_search_php_query,catalog_or_storefront_search,http_first,yes,no,low,verified,confirmed,high,playwright_search_submit,http_first,results_page_clickthrough,drop_first_dash_token,,no,https://www.mechman.com/,,,,body search results page,a[href*='?searchid='],first_result,,,,,,jsonld>embedded_state>dom,gallery_scope_only,"Use the standard BigCommerce results page, strip the leading vendor token before search, then click the first scored searchid result."
Merchant Automotive,Merchant Automotive,probable,https://www.merchant-automotive.com/,MA-10813,https://www.merchant-automotive.com/search.php?search_query={sku},search_results,GET,search_query,bigcommerce_like,bigcommerce_search_php_query,custom_route_template,browser_first,yes,no,low,verified,confirmed,high,playwright_search_submit,http_first,results_page_clickthrough,drop_first_dash_token,,,,,,,,,,,,,,,jsonld>embedded_state>dom,gallery_scope_only,
PacBrake,PacBrake,confirmed,https://pacbrake.com/,PB-C11342,https://pacbrake.com/search.html?Search={sku},search_results,GET,Search,bigcommerce_like,path_or_query_search,custom_route_template,http_first,yes,no,low,verified,confirmed,high,playwright_search_submit,http_first,results_page_clickthrough,drop_first_dash_token,,,,,,,,,,,,,,,jsonld>embedded_state>dom,gallery_scope_only,
PML Covers,PML Covers,probable,https://pmlgarage.com/,PML-9393-B,https://yourcovers.com/search.html?Search={sku},search_results,GET,Search,bigcommerce_like,path_or_query_search,custom_route_template,http_first,yes,no,low,verified,confirmed,high,manual_user_seed_cross_domain,http_first,results_page_clickthrough,drop_first_dash_token,,,,,,,,,,,,,,,jsonld>embedded_state>dom,gallery_scope_only,Confirmed manual search route on vendor domain: https://yourcovers.com/search.html?Search={sku}.
Revolution Gear & Axle,Revolution Gear & Axle,confirmed,https://revolutiongear.com/,D70-373,https://revolutiongear.com/search.php?search_query={sku},search_results,GET,search_query,bigcommerce_like,bigcommerce_search_php_query,catalog_or_storefront_search,http_first,yes,no,low,detected,detected,medium,jsonld_searchaction_or_html_form,http_first,,,,,,,,,,,,,,,,,jsonld>embedded_state>dom,gallery_scope_only,
Rock Krawler,Rock Krawler,confirmed,https://rockkrawler.com/,RK-RK02542,https://rockkrawler.com/search.php?search_query={sku},search_results,GET,search_query,bigcommerce_like,bigcommerce_search_php_query,catalog_or_storefront_search,http_first,yes,no,low,verified,confirmed,high,playwright_search_submit,http_first,results_page_clickthrough,drop_first_dash_token,,no,https://rockkrawler.com/,,,,body search results page,a[href*='?searchid='],first_result,,,,,,jsonld>embedded_state>dom,gallery_scope_only,"Strip the leading vendor token before search, then click the first scored searchid result on the BigCommerce results page."
Rotomaster,Rotomaster,confirmed,https://rotomaster.com/,ROT-H1350212N,https://rotomaster.com/search.php?search_query={sku},search_results,GET,search_query,bigcommerce_like,bigcommerce_search_php_query,catalog_or_storefront_search,http_first,yes,no,low,probed,probed,medium,common_template_probe,http_first,results_page_clickthrough,drop_first_dash_token,,no,https://rotomaster.com/,,,,body search results page,a[href*='?searchid='],first_result,,,,,,jsonld>embedded_state>dom,gallery_scope_only,"Prefer the post-prefix term on Rotomaster, then click the first scored searchid result."
Royalty Core,Royalty Core,confirmed,https://www.royaltycore.com/,RC-15966,https://www.royaltycore.com/search.html?q={sku},search_results,GET,q,bigcommerce_like,bigcommerce_search_html_q,catalog_or_storefront_search,http_first,yes,no,low,verified,confirmed,high,manual_html_form_discovery,http_first,results_page_clickthrough,identity,drop_first_dash_token,no,https://www.royaltycore.com/,,,,body search results page,a[href*='/i-'],first_result,,,,,,jsonld>embedded_state>dom,gallery_scope_only,"Validated from https://www.royaltycore.com/search-2.html. Site exposes a GET form action https://www.royaltycore.com/search.html with input name q, producing results URLs like https://www.royaltycore.com/search.html?q={sku}. | Try exact SKU first; if no result, strip the leading vendor token and retry, then click the first /i-... result."
SoCal SuperTrucks,SoCal SuperTrucks,confirmed,https://socalsupertrucks.com/,SS-200215,https://socalsupertrucks.com/search.php?search_query={sku},search_results,GET,search_query,bigcommerce_like,bigcommerce_search_php_query,catalog_or_storefront_search,http_first,yes,no,low,verified,confirmed,high,playwright_search_submit,http_first,results_page_clickthrough,drop_first_dash_token,,no,https://socalsupertrucks.com/,,,,body search results page,a[href*='?searchid='],first_result,,,,,,jsonld>embedded_state>dom,gallery_scope_only,"Strip the leading SS token before search, then click the first scored searchid result."
Tork Teknology,Tork Teknology,confirmed,https://www.torkteknology.com/,DPP-BBS010,https://www.torkteknology.com/search.php?search_query={sku},search_results,GET,search_query,bigcommerce_like,bigcommerce_search_php_query,catalog_or_storefront_search,http_first,yes,no,low,verified,confirmed,high,playwright_search_submit,http_first,results_page_clickthrough,drop_first_dash_token,,no,https://www.torkteknology.com/,,,,body search results page,a[href*='?searchid='],first_result,,,,,,jsonld>embedded_state>dom,gallery_scope_only,"Strip the leading DPP token before search, then click the first scored searchid result."
ZROADZ,ZROADZ,confirmed,https://zroadz.com/,ZRZ-Z325472,https://zroadz.com/search.html?q={sku},search_results,GET,q,bigcommerce_like,bigcommerce_search_html_q,catalog_or_storefront_search,http_first,yes,no,low,verified,confirmed,high,manual_bigcommerce_form_validation,http_first,results_page_clickthrough,drop_first_dash_token,,no,https://zroadz.com/,,,,body search results page,a[href*='/i-'],first_result,,,,,,jsonld>embedded_state>dom,gallery_scope_only,"Browser-validated search route; sample SKU returned a no-results page. | Strip the leading ZRZ token before search, then click the first /i-... result link on the BigCommerce results page."
FASS Fuel Systems,FASS Fuel Systems,confirmed,https://www.fassride.com/,DDP-RK-04,https://shop.fassride.com/Products/Search?search={sku},search_results,GET,search,custom_api,json_product_search,json_api_search,http_first,yes,no,low,verified,confirmed,high,manual_json_api_id_detail,http_first,json_api_id_detail,,,no,https://www.fassride.com/,.midway-search-input-container,input#search-field,,.search-box,a.link[href^='/details/'],exact_partNumber_then_normalized_then_best_scored,https://shop.fassride.com/Products/Search?search={sku},products,id,partNumber,https://www.fassride.com/details?id={id},jsonld>embedded_state>dom,gallery_scope_only,"Validated against the live Midway widget. The popup search uses input#search-field inside .midway-search-input-container and calls GET https://shop.fassride.com/Products/Search?search={sku}. Use the JSON products[] hit, score by partNumber, then build https://www.fassride.com/details?id={id}. The raw search endpoint alone is not sufficient for prefixed alias SKUs because it can return fuzzy matches. | Prefer API-first search -> score JSON products by partNumber -> build details?id={id}. Popup anchor confirms the same id-based detail route."
Accutrim,Accutrim,confirmed,https://www.accu-trim.com/,AF-928,https://accu-trim.com/search?q={sku},search_results,GET,q,generic_get_search,generic_q_search,direct_query_template,http_first,yes,no,low,probed,probed,medium,common_template_probe_with_playwright,http_first,,,,,,,,,,,,,,,,,jsonld>embedded_state>dom,gallery_scope_only,
Adams Driveshaft & Offroad,Adams Driveshaft & Offroad,confirmed,https://www.adamsdriveshaftoffroad.com/,ADAMS-RAM-1350F-5GEN,https://www.adamsdriveshaftoffroad.com/search?q={sku},search_results,GET,q,generic_get_search,generic_q_search,direct_query_template,http_first,yes,no,low,detected,detected,medium,jsonld_searchaction_or_html_form,http_first,,,,,,,,,,,,,,,,,jsonld>embedded_state>dom,gallery_scope_only,
AEV | American Expedition Vehicles,AEV | American Expedition Vehicles,confirmed,https://aev-conversions.com/,AEV-N0340000AB,https://aev-conversions.com/search?q={sku},search_results,GET,q,generic_get_search,generic_q_search,direct_query_template,http_first,yes,no,low,verified,confirmed,high,manual_user_seed,http_first,,,,,,,,,,,,,,,,,jsonld>embedded_state>dom,gallery_scope_only,
Air Lift Company,Air Lift Company,confirmed,https://www.airliftcompany.com/,AL-57399,https://airliftcompany.com/search?q={sku},search_results,GET,q,generic_get_search,generic_q_search,direct_query_template,http_first,yes,no,low,probed,probed,medium,common_template_probe_with_playwright,http_first,,,,,,,,,,,,,,,,,jsonld>embedded_state>dom,gallery_scope_only,
Artec Industries,Artec Industries,probable,https://artecindustries.com/,ARTEC-TR1101,https://artecindustries.com/search?q={sku},search_results,GET,q,generic_get_search,generic_q_search,direct_query_template,http_first,yes,no,low,detected,detected,medium,jsonld_searchaction_or_html_form,http_first,,,,,,,,,,,,,,,,,jsonld>embedded_state>dom,gallery_scope_only,
ATS Diesel Performance,ATS Diesel Performance,confirmed,https://atsdiesel.com/,ATS-1039093278,https://atsdiesel.com/search?q={sku},search_results,GET,q,generic_get_search,generic_q_search,direct_query_template,http_first,yes,no,low,verified,confirmed,high,manual_user_seed,http_first,,,,,,,,,,,,,,,,,jsonld>embedded_state>dom,gallery_scope_only,
Axiom Supply,Axiom Supply,probable,https://axiomsupply.com/,AXS-AXTL03,https://axiomsupply.com/search?q={sku},search_results,GET,q,generic_get_search,generic_q_search,direct_query_template,http_first,yes,no,low,detected,detected,medium,jsonld_searchaction_or_html_form,http_first,,,,,,,,,,,,,,,,,jsonld>embedded_state>dom,gallery_scope_only,
Banks Power,Banks Power,confirmed,https://bankspower.com/,BAN-25987,https://bankspower.com/search?q={sku},search_results,GET,q,generic_get_search,generic_q_search,direct_query_template,http_first,yes,no,low,detected,detected,medium,jsonld_searchaction_or_html_form,http_first,,,,,,,,,,,,,,,,,jsonld>embedded_state>dom,gallery_scope_only,
BDS Suspension,BDS Suspension,confirmed,https://bds-suspension.com/,BDS-189H,https://bds-suspension.com/search?q={sku},search_results,GET,q,generic_get_search,generic_q_search,direct_query_template,http_first,yes,no,low,detected,detected,medium,jsonld_searchaction_or_html_form,http_first,,,,,,,,,,,,,,,,,jsonld>embedded_state>dom,gallery_scope_only,
Big Days,Big Days,probable,https://big-days.com/collections/accessories,BND-R1000,https://big-days.com/search?q={sku},search_results,GET,q,generic_get_search,generic_q_search,direct_query_template,http_first,yes,no,low,detected,detected,medium,jsonld_searchaction_or_html_form,http_first,,,,,,,,,,,,,,,,,jsonld>embedded_state>dom,gallery_scope_only,
Bitterroot Diesel Performance,Bitterroot Diesel Performance,probable,https://bitterrootdiesel.com/,BDP-ZF6BOOTAMACH,https://bitterrootdiesel.com/search?q={sku}&type=product,search_results,GET,q,generic_get_search,generic_q_search,direct_query_template,http_first,yes,no,low,verified,confirmed,high,playwright_search_submit,http_first,,,,,,,,,,,,,,,,,jsonld>embedded_state>dom,gallery_scope_only,
Blend Door USA,Blend Door USA,confirmed,https://www.blenddoorusa.com/,BDUSA-5DR,https://www.blenddoorusa.com/search?q={sku},search_results,GET,q,generic_get_search,generic_q_search,direct_query_template,http_first,yes,no,low,verified,confirmed,high,playwright_search_submit,http_first,,,,,,,,,,,,,,,,,jsonld>embedded_state>dom,gallery_scope_only,
BuiltRight Industries,BuiltRight Industries,probable,https://builtrightind.com/,BRI-104012,https://builtrightind.com/search?q={sku},search_results,GET,q,generic_get_search,generic_q_search,direct_query_template,http_first,yes,no,low,detected,detected,medium,jsonld_searchaction_or_html_form,http_first,,,,,,,,,,,,,,,,,jsonld>embedded_state>dom,gallery_scope_only,
BulletProof Diesel,BulletProof Diesel,probable,https://bulletproofdiesel.com/,BPD-6700001,https://bulletproofdiesel.com/search?q={sku},search_results,GET,q,generic_get_search,generic_q_search,direct_query_template,http_first,yes,no,low,detected,detected,medium,jsonld_searchaction_or_html_form,http_first,,,,,,,,,,,,,,,,,jsonld>embedded_state>dom,gallery_scope_only,
BulletProof Hitches,BulletProof Hitches,probable,https://www.bulletproofhitches.com/,BPH-MD204,https://www.bulletproofhitches.com/search?q={sku},search_results,GET,q,generic_get_search,generic_q_search,direct_query_template,http_first,yes,no,low,verified,confirmed,high,manual_user_seed,http_first,,,,,,,,,,,,,,,,,jsonld>embedded_state>dom,gallery_scope_only,Confirmed manual search URL from site search UI. Existing note: Unable to populate search input
CJC Off-Road,CJC Off-Road,probable,https://www.cjcoffroad.com/,CJC-3500-PLOW,https://www.cjcoffroad.com/search?q={sku},search_results,GET,q,generic_get_search,generic_q_search,direct_query_template,http_first,yes,no,low,verified,confirmed,high,playwright_search_submit,http_first,,,,,,,,,,,,,,,,,jsonld>embedded_state>dom,gallery_scope_only,
Cometic Gaskets,Cometic Gaskets,confirmed,https://www.cometic.com/,COM-C4514,https://cometic.com/products/search?q={sku},search_results,GET,q,generic_get_search,generic_q_search,direct_query_template,http_first,yes,no,low,probed,probed,medium,common_template_probe_with_playwright,http_first,,,,,,,,,,,,,,,,,jsonld>embedded_state>dom,gallery_scope_only,
Complete Performance,Complete Performance,probable,https://cpaddict.com/,CP-310,https://cpaddict.com/search?q={sku},search_results,GET,q,generic_get_search,generic_q_search,direct_query_template,http_first,yes,no,low,detected,detected,medium,jsonld_searchaction_or_html_form,http_first,,,,,,,,,,,,,,,,,jsonld>embedded_state>dom,gallery_scope_only,
CR2 Performance & Fabrication,CR2 Performance & Fabrication,probable,https://cr2fabrication.com/pages/contact,CR2-10100,https://cr2fabrication.com/search?q={sku},search_results,GET,q,generic_get_search,generic_q_search,direct_query_template,http_first,yes,no,low,detected,detected,medium,jsonld_searchaction_or_html_form,http_first,,,,,,,,,,,,,,,,,jsonld>embedded_state>dom,gallery_scope_only,
Customs Unlimited,Customs Unlimited,probable,https://customsunlimited.com/pages/about-us,CU-284-N-A13,https://customsunlimited.com/search?q={sku},search_results,GET,q,generic_get_search,generic_q_search,direct_query_template,http_first,yes,no,low,detected,detected,medium,jsonld_searchaction_or_html_form,http_first,,,,,,,,,,,,,,,,,jsonld>embedded_state>dom,gallery_scope_only,
D&J Precision Machine,D&J Precision Machine,probable,https://djprecisionmachine.com/,DJ-DJPLB100076,https://djprecisionmachine.com/search?q={sku},search_results,GET,q,generic_get_search,generic_q_search,direct_query_template,http_first,yes,no,low,detected,detected,medium,jsonld_searchaction_or_html_form,http_first,,,,,,,,,,,,,,,,,jsonld>embedded_state>dom,gallery_scope_only,
Daystar,Daystar,probable,https://daystarproducts.com/pages/dealer-locator,DAY-KU31001,https://daystarproducts.com/search?q={sku},search_results,GET,q,generic_get_search,generic_q_search,direct_query_template,http_first,yes,no,low,detected,detected,medium,jsonld_searchaction_or_html_form,http_first,,,,,,,,,,,,,,,,,jsonld>embedded_state>dom,gallery_scope_only,
Diesel Power Products,Diesel Power Products,probable,https://www.dieselpowerproducts.com/pages/contact,DPP-506,https://dieselpowerproducts.com/search?q={sku},search_results,GET,q,generic_get_search,generic_q_search,direct_query_template,http_first,yes,no,low,detected,detected,medium,jsonld_searchaction_or_html_form,http_first,,,,,,,,,,,,,,,,,jsonld>embedded_state>dom,gallery_scope_only,
Diesel Rx,Diesel Rx,probable,https://dieselrx.com/,DRX01005,https://dieselrx.com/search?q={sku},search_results,GET,q,generic_get_search,generic_q_search,direct_query_template,http_first,yes,no,low,probed,probed,medium,common_template_probe,http_first,,,,,,,,,,,,,,,,,jsonld>embedded_state>dom,gallery_scope_only,
Dirt Church Industries,Dirt Church Industries,probable,https://dirtchurchindustries.com/,ARB-CKMTA12,https://dirtchurchindustries.com/search?q={sku},search_results,GET,q,generic_get_search,generic_q_search,direct_query_template,http_first,yes,no,low,detected,detected,medium,jsonld_searchaction_or_html_form,http_first,,,,,,,,,,,,,,,,,jsonld>embedded_state>dom,gallery_scope_only,
Dynatrac,Dynatrac,probable,https://www.dynatrac.com/pages/about-us,DYN-BJK-D60A,https://www.dynatrac.com/search?q={sku},search_results,GET,q,generic_get_search,generic_q_search,direct_query_template,http_first,yes,no,low,detected,detected,medium,jsonld_searchaction_or_html_form,http_first,,,,,,,,,,,,,,,,,jsonld>embedded_state>dom,gallery_scope_only,
EMF Ball Joints,EMF Ball Joints,probable,https://emfballjoints.com/collections,EMF-DSB-3999-PAIR,https://emfballjoints.com/search?q={sku},search_results,GET,q,generic_get_search,generic_q_search,direct_query_template,http_first,yes,no,low,verified,confirmed,high,playwright_search_submit,http_first,,,,,,,,,,,,,,,,,jsonld>embedded_state>dom,gallery_scope_only,
Factor 55,Factor 55,confirmed,https://www.factor55.com/,FF-00013,https://www.factor55.com/search?q={sku},search_results,GET,q,generic_get_search,generic_q_search,direct_query_template,http_first,yes,no,low,verified,confirmed,high,playwright_search_submit,http_first,,,,,,,,,,,,,,,,,jsonld>embedded_state>dom,gallery_scope_only,
Factory Aftermarket,Factory Aftermarket,probable,https://factoryaftermarket.com/collections/all,FA-FSD-CS-2022,https://factoryaftermarket.com/search?q={sku},search_results,GET,q,generic_get_search,generic_q_search,direct_query_template,http_first,yes,no,low,detected,detected,medium,jsonld_searchaction_or_html_form,http_first,,,,,,,,,,,,,,,,,jsonld>embedded_state>dom,gallery_scope_only,
Fast Coolers,Fast Coolers,probable,https://www.fastcoolers.com/,FC-2FCVR,https://www.fastcoolers.com/search?q={sku},search_results,GET,q,generic_get_search,generic_q_search,direct_query_template,http_first,yes,no,low,detected,detected,medium,jsonld_searchaction_or_html_form,http_first,,,,,,,,,,,,,,,,,jsonld>embedded_state>dom,gallery_scope_only,
FOX Shocks,FOX Shocks,confirmed,https://ridefox.com/,FOX-98502127,https://ridefox.com/search?q={sku},search_results,GET,q,generic_get_search,generic_q_search,direct_query_template,http_first,yes,no,low,detected,detected,medium,jsonld_searchaction_or_html_form,http_first,,,,,,,,,,,,,,,,,jsonld>embedded_state>dom,gallery_scope_only,
Full Send Diesel,Full Send Diesel,probable,https://fullsenddiesel.com/,FSD-01-B,https://fullsenddiesel.com/search?q={sku},search_results,GET,q,generic_get_search,generic_q_search,direct_query_template,http_first,yes,no,low,detected,detected,medium,jsonld_searchaction_or_html_form,http_first,,,,,,,,,,,,,,,,,jsonld>embedded_state>dom,gallery_scope_only,
Gen-Y Hitch,GEN-Y Hitch,probable,https://genyhitch.com/,GH-060,https://genyhitch.com/search?q={sku},search_results,GET,q,generic_get_search,generic_q_search,direct_query_template,http_first,yes,no,low,verified,confirmed,high,manual_user_seed,http_first,,,,,,,,,,,,,,,,,jsonld>embedded_state>dom,gallery_scope_only,Confirmed manual search route: https://genyhitch.com/search?q={sku}.
Generic Race Parts (GRP),Generic Race Parts (GRP),probable,https://www.gregsraceparts.com/,GRP-FUELCAP,https://www.gregsraceparts.com/search?q={sku},search_results,GET,q,generic_get_search,generic_q_search,direct_query_template,http_first,yes,no,low,verified,confirmed,high,playwright_search_submit,http_first,,,,,,,,,,,,,,,,,jsonld>embedded_state>dom,gallery_scope_only,
Glacier Diesel Power,Glacier Diesel Power,probable,https://www.glacierdieselpower.com/,GDP-1012FE,https://www.glacierdieselpower.com/search?q={sku},search_results,GET,q,generic_get_search,generic_q_search,direct_query_template,http_first,yes,no,low,detected,detected,medium,jsonld_searchaction_or_html_form,http_first,,,,,,,,,,,,,,,,,jsonld>embedded_state>dom,gallery_scope_only,
Grizzly,Grizzly Products,probable,https://www.grizzly.com/,GZ-GA108,https://www.grizzly.com/search?q={sku},search_results,GET,q,generic_get_search,generic_q_search,direct_query_template,http_first,yes,no,low,detected,detected,medium,jsonld_searchaction_or_html_form,http_first,,,,,,,,,,,,,,,,,jsonld>embedded_state>dom,gallery_scope_only,
H&S Motorsports,H&S Motorsports,confirmed,https://hsmotorsports.com/,HS-121003,https://hsmotorsports.com/search?q={sku},search_results,GET,q,generic_get_search,generic_q_search,direct_query_template,http_first,yes,no,low,probed,probed,medium,common_template_probe_with_playwright,http_first,,,,,,,,,,,,,,,,,jsonld>embedded_state>dom,gallery_scope_only,
Holders Diesel,Holders Diesel,probable,https://holdersdiesel.com/collections/all,HD-60-STK-PS,https://holdersdiesel.com/search?q={sku},search_results,GET,q,generic_get_search,generic_q_search,direct_query_template,http_first,yes,no,low,detected,detected,medium,jsonld_searchaction_or_html_form_with_playwright,http_first,,,,,,,,,,,,,,,,,jsonld>embedded_state>dom,gallery_scope_only,
ICON Alloys,ICON Alloys,confirmed,https://iconvehicledynamics.com/collections/wheel,IA-192050,https://iconvehicledynamics.com/search?q={sku},search_results,GET,q,generic_get_search,generic_q_search,direct_query_template,http_first,yes,no,low,detected,detected,medium,jsonld_searchaction_or_html_form,http_first,,,,,,,,,,,,,,,,,jsonld>embedded_state>dom,gallery_scope_only,.com tld; vendor key present in result text; deep path candidate
ICON Vehicle Dynamics,ICON Vehicle Dynamics,confirmed,https://iconvehicledynamics.com/,ICON-37024,https://iconvehicledynamics.com/search?q={sku},search_results,GET,q,generic_get_search,generic_q_search,direct_query_template,http_first,yes,no,low,detected,detected,medium,jsonld_searchaction_or_html_form,http_first,,,,,,,,,,,,,,,,,jsonld>embedded_state>dom,gallery_scope_only,
JKS Manufacturing,JKS Manufacturing,probable,https://jksmfg.com/,JKS-JKS2033,https://jksmfg.com/search?q={sku},search_results,GET,q,generic_get_search,generic_q_search,direct_query_template,http_first,yes,no,low,detected,detected,medium,jsonld_searchaction_or_html_form,http_first,,,,,,,,,,,,,,,,,jsonld>embedded_state>dom,gallery_scope_only,
KC Turbos,KC Turbos,confirmed,https://kcturbos.com/,KC-300365,https://kcturbos.com/search?q={sku},search_results,GET,q,generic_get_search,generic_q_search,direct_query_template,http_first,yes,no,low,detected,detected,medium,jsonld_searchaction_or_html_form,http_first,,,,,,,,,,,,,,,,,jsonld>embedded_state>dom,gallery_scope_only,
Kryptonite,Kryptonite Products,probable,https://kryptoniteproducts.com/,KRY-KR175,https://kryptoniteproducts.com/search?q={sku},search_results,GET,q,generic_get_search,generic_q_search,direct_query_template,http_first,yes,no,low,verified,confirmed,high,playwright_search_submit,http_first,,,,,,,,,,,,,,,,,jsonld>embedded_state>dom,gallery_scope_only,
MagnaFlow Exhaust,MagnaFlow Exhaust,probable,https://www.magnaflow.com/,MF-12775,https://www.magnaflow.com/search?q={sku},search_results,GET,q,generic_get_search,generic_q_search,direct_query_template,http_first,yes,no,low,verified,confirmed,high,playwright_search_submit,http_first,,,,,,,,,,,,,,,,,jsonld>embedded_state>dom,gallery_scope_only,
MBRP Exhaust,MBRP Exhaust,confirmed,https://mbrpexhauststore.com/,MBRP-T5156,https://mbrpexhauststore.com/search?q={sku},search_results,GET,q,generic_get_search,generic_q_search,direct_query_template,http_first,yes,no,low,probed,probed,medium,common_template_probe_with_playwright,http_first,,,,,,,,,,,,,,,,,jsonld>embedded_state>dom,gallery_scope_only,
Mel's Manufacturing,Mel's Manufacturing,confirmed,https://www.melsmfg.com/,MEL-6185,https://www.melsmfg.com/search?q={sku},search_results,GET,q,generic_get_search,generic_q_search,direct_query_template,http_first,yes,no,low,detected,detected,medium,jsonld_searchaction_or_html_form,http_first,,,,,,,,,,,,,,,,,jsonld>embedded_state>dom,gallery_scope_only,.com tld; vendor key present in result text; deep path candidate
Method Race Wheels,Method Race Wheels,confirmed,https://www.methodracewheels.com/,MRW-MR301785,https://www.methodracewheels.com/search?q={sku},search_results,GET,q,generic_get_search,generic_q_search,direct_query_template,http_first,yes,no,low,verified,confirmed,high,playwright_search_submit,http_first,,,,,,,,,,,,,,,,,jsonld>embedded_state>dom,gallery_scope_only,
Mob Armor,Mob Armor,probable,https://www.mobarmor.com/,MOBM2-BLK-LG,https://www.mobarmor.com/search?q={sku},search_results,GET,q,generic_get_search,generic_q_search,direct_query_template,http_first,yes,no,low,detected,detected,medium,jsonld_searchaction_or_html_form,http_first,,,,,,,,,,,,,,,,,jsonld>embedded_state>dom,gallery_scope_only,
Morimoto,Morimoto,confirmed,https://www.morimotohid.com/,MOR-LF553,https://morimotohid.com/search?q={sku},search_results,GET,q,generic_get_search,generic_q_search,direct_query_template,http_first,yes,no,low,probed,probed,medium,common_template_probe_with_playwright,http_first,,,,,,,,,,,,,,,,,jsonld>embedded_state>dom,gallery_scope_only,
NRS Galvanized Brakes,NRS Galvanized Brakes,probable,https://nrsbrakes.com/,NRS-NS909,https://nrsbrakes.com/search?q={sku},search_results,GET,q,generic_get_search,generic_q_search,direct_query_template,http_first,yes,no,low,detected,detected,medium,jsonld_searchaction_or_html_form_with_playwright,http_first,,,,,,,,,,,,,,,,,jsonld>embedded_state>dom,gallery_scope_only,
OLM Lighting,OLM Lighting,confirmed,https://olm.com/,OLM-OLME.16016.1,https://olm.com/search?q={sku},search_results,GET,q,generic_get_search,generic_q_search,direct_query_template,http_first,yes,no,low,verified,confirmed,high,playwright_search_submit,http_first,,,,,,,,,,,,,,,,,jsonld>embedded_state>dom,gallery_scope_only,
Oracle Lighting,Oracle Lighting,probable,http://oraclelighting.channelsync.com/,ORA-5865-504,https://www.oraclelights.com/search?q={sku},search_results,GET,q,generic_get_search,generic_q_search,direct_query_template,http_first,yes,no,low,verified,confirmed,high,manual_user_seed,http_first,,,,,,,,,,,,,,,,,jsonld>embedded_state>dom,gallery_scope_only,Confirmed manual search route: https://www.oraclelights.com/search?q={sku}.
Performance Diesel Inc.,Performance Diesel Inc.,confirmed,https://pdidiesel.com/,PDI-3466CR,https://pdidiesel.com/search?q={sku},search_results,GET,q,generic_get_search,generic_q_search,direct_query_template,http_first,yes,no,low,detected,detected,medium,jsonld_searchaction_or_html_form,http_first,,,,,,,,,,,,,,,,,jsonld>embedded_state>dom,gallery_scope_only,.com tld; vendor key present in result text; root path
Power Driven Diesel,Power Driven Diesel,probable,https://powerdriven.com/,PDD-60000000236,https://powerdriven.com/pages/search?query={sku},search_results,GET,query,generic_get_search,generic_query_search,direct_query_template,http_first,yes,no,low,verified,confirmed,high,manual_user_confirmed_existing_vendor_search,http_first,results_page_clickthrough,drop_first_dash_token,,no,https://powerdriven.com/pages/search?query={sku},,,,,a[href*='/products/'],first_result,,,,,,jsonld>embedded_state>dom,gallery_scope_only,User previously confirmed Power Driven Diesel search route: https://powerdriven.com/pages/search?query={sku}. | powerdriven.com is Shopify (pages/search). Strip PDD- prefix; click first /products/ link on search results page.
"PPEI | Power Performance Enterprises, Inc | EFILive by Kory Willis","PPEI | Power Performance Enterprises, Inc | EFILive by Kory Willis",probable,https://ppei.com/,PPEI-EZLYNK30-LML,https://ppei.com/search?q={sku},search_results,GET,q,generic_get_search,generic_q_search,direct_query_template,http_first,yes,no,low,detected,detected,medium,jsonld_searchaction_or_html_form_with_playwright,http_first,,,,,,,,,,,,,,,,,jsonld>embedded_state>dom,gallery_scope_only,
Pro Eagle Floor Jacks,Pro Eagle Floor Jacks,probable,https://www.proeagle.com/,PE-EXT8,https://www.proeagle.com/search?q={sku},search_results,GET,q,generic_get_search,generic_q_search,direct_query_template,http_first,yes,no,low,detected,detected,medium,jsonld_searchaction_or_html_form,http_first,,,,,,,,,,,,,,,,,jsonld>embedded_state>dom,gallery_scope_only,
PROJECT X,PROJECT X,probable,https://projectxoffroad.com/,PX-AC538806-1,https://projectxoffroad.com/search?q={sku},search_results,GET,q,generic_get_search,generic_q_search,direct_query_template,http_first,yes,no,low,detected,detected,medium,jsonld_searchaction_or_html_form_with_playwright,http_first,,,,,,,,,,,,,,,,,jsonld>embedded_state>dom,gallery_scope_only,
PSC,PSC Performance Steering Components,probable,https://www.pscsteering.com/,PSC-SG851,https://www.pscsteering.com/search?q={sku},search_results,GET,q,generic_get_search,generic_q_search,direct_query_template,http_first,yes,no,low,detected,detected,medium,jsonld_searchaction_or_html_form_with_playwright,http_first,,,,,,,,,,,,,,,,,jsonld>embedded_state>dom,gallery_scope_only,
PureDPF,PureDPF,probable,https://www.puredpf.com/,PDPF-P-DPF-44003,https://www.puredpf.com/search?q={sku},search_results,GET,q,generic_get_search,generic_q_search,direct_query_template,http_first,yes,no,low,detected,detected,medium,jsonld_searchaction_or_html_form,http_first,,,,,,,,,,,,,,,,,jsonld>embedded_state>dom,gallery_scope_only,
Racor,Racor,probable,https://racorstore.com/,RAC-RK4616,https://racorstore.com/search?q={sku},search_results,GET,q,generic_get_search,generic_q_search,direct_query_template,http_first,yes,no,low,verified,confirmed,high,playwright_search_submit,http_first,,,,,,,,,,,,,,,,,jsonld>embedded_state>dom,gallery_scope_only,
Rare Parts Steering and Suspension,Rare Parts Steering and Suspension,probable,https://www.rareparts.com/,RP20610,https://rareparts.com/search?q={sku},search_results,GET,q,generic_get_search,generic_q_search,direct_query_template,http_first,yes,no,low,probed,probed,medium,common_template_probe,http_first,,,,,,,,,,,,,,,,,jsonld>embedded_state>dom,gallery_scope_only,
RECON Lighting,RECON Lighting,probable,https://gorecon.com/,REC-26413,https://gorecon.com/search?q={sku},search_results,GET,q,generic_get_search,generic_q_search,direct_query_template,http_first,yes,no,low,detected,detected,medium,jsonld_searchaction_or_html_form_with_playwright,http_first,,,,,,,,,,,,,,,,,jsonld>embedded_state>dom,gallery_scope_only,
Red-Head Steering Gears Inc.,Red-Head Steering Gears Inc.,confirmed,https://redheadsteeringgears.com/,RH-2773,https://redheadsteeringgears.com/search?q={sku},search_results,GET,q,generic_get_search,generic_q_search,direct_query_template,http_first,yes,no,low,probed,probed,medium,common_template_probe,http_first,,,,,,,,,,,,,,,,,jsonld>embedded_state>dom,gallery_scope_only,
"Reid Racing, Inc.","Reid Racing, Inc.",probable,https://www.reidracing.com/,REID-D60005-2,https://www.reidracing.com/search?q={sku},search_results,GET,q,generic_get_search,generic_q_search,direct_query_template,http_first,yes,no,low,detected,detected,medium,jsonld_searchaction_or_html_form,http_first,,,,,,,,,,,,,,,,,jsonld>embedded_state>dom,gallery_scope_only,
RokBlokz,RokBlokz Mud Flaps,confirmed,https://rokblokz.com/,RKB-F17SRW-BK-BK,https://rokblokz.com/search?q={sku},search_results,GET,q,generic_get_search,generic_q_search,direct_query_template,http_first,yes,no,low,verified,confirmed,high,playwright_search_submit,http_first,,,,,,,,,,,,,,,,,jsonld>embedded_state>dom,gallery_scope_only,
Schaeffer's Lubricants,Schaeffer's Lubricants,confirmed,https://www.schaefferoil.com/,SL-0219,https://schaefferoil.com/search?q={sku},search_results,GET,q,generic_get_search,generic_q_search,direct_query_template,http_first,yes,no,low,probed,probed,medium,common_template_probe,http_first,,,,,,,,,,,,,,,,,jsonld>embedded_state>dom,gallery_scope_only,
SDHQ Off Road,SDHQ Off Road,confirmed,https://sdhqoffroad.com/,SDHQ-10-1131-G4,https://sdhqoffroad.com/search?q={sku},search_results,GET,q,generic_get_search,generic_q_search,direct_query_template,http_first,yes,no,low,detected,detected,medium,jsonld_searchaction_or_html_form,http_first,,,,,,,,,,,,,,,,,jsonld>embedded_state>dom,gallery_scope_only,
Snyder Performance Engineering,Snyder Performance Engineering,confirmed,https://www.spemotorsport.com/,SPE-67HTFK,https://www.spemotorsport.com/search?q={sku},search_results,GET,q,generic_get_search,generic_q_search,direct_query_template,http_first,yes,no,low,verified,confirmed,high,playwright_search_submit,http_first,,,,,,,,,,,,,,,,,jsonld>embedded_state>dom,gallery_scope_only,
South Bend Clutch,South Bend Clutch,confirmed,https://southbendclutch.com/,SBC-0090,https://southbendclutch.com/search?q={sku},search_results,GET,q,generic_get_search,generic_q_search,direct_query_template,http_first,yes,no,low,verified,confirmed,high,playwright_search_submit,http_first,,,,,,,,,,,,,,,,,jsonld>embedded_state>dom,gallery_scope_only,
SteerSmarts,SteerSmarts,confirmed,https://steersmarts.com/,SS-714001,https://steersmarts.com/search?q={sku},search_results,GET,q,generic_get_search,generic_q_search,direct_query_template,http_first,yes,no,low,detected,detected,medium,jsonld_searchaction_or_html_form,http_first,,,,,,,,,,,,,,,,,jsonld>embedded_state>dom,gallery_scope_only,
Sulastic Rubber Springs,Sulastic Rubber Springs,confirmed,https://sulastic.com/en/,SUL-SC-15,https://sulastic.com/en/search?q={sku},search_results,GET,q,generic_get_search,generic_q_search,direct_query_template,http_first,yes,no,low,verified,confirmed,high,playwright_search_submit,http_first,,,,,,,,,,,,,,,,,jsonld>embedded_state>dom,gallery_scope_only,
Timbren,Timbren,confirmed,https://timbren.com/,TB-DR250,https://timbren.com/search?q={sku},search_results,GET,q,generic_get_search,generic_q_search,direct_query_template,http_first,yes,no,low,detected,detected,medium,jsonld_searchaction_or_html_form,http_first,,,,,,,,,,,,,,,,,jsonld>embedded_state>dom,gallery_scope_only,
TS Performance,TS Performance,confirmed,https://www.tsperformanceofficial.com/,TS-1290301,https://www.tsperformanceofficial.com/search?q={sku},search_results,GET,q,generic_get_search,generic_q_search,direct_query_template,http_first,yes,no,low,detected,detected,medium,jsonld_searchaction_or_html_form,http_first,shopify_suggest_json,drop_first_dash_token,,,,,,,,,,https://www.tsperformanceofficial.com/search/suggest.json?q={sku}&resources[type]=product&resources[limit]=5,,,,,jsonld>embedded_state>dom,gallery_scope_only,
USA Standard Gear,USA Standard Gear,confirmed,https://www.usastandardgear.com/,USG-ZSG7616,https://www.usastandardgear.com/search?q={sku},search_results,GET,q,generic_get_search,generic_q_search,direct_query_template,http_first,yes,no,low,detected,detected,medium,jsonld_searchaction_or_html_form,http_first,,,,,,,,,,,,,,,,,jsonld>embedded_state>dom,gallery_scope_only,
Volant,Volant,confirmed,https://volant.com/,VOL-35066,https://volant.com/search?q={sku},search_results,GET,q,generic_get_search,generic_q_search,direct_query_template,http_first,yes,no,low,verified,confirmed,high,playwright_search_submit,http_first,,,,,,,,,,,,,,,,,jsonld>embedded_state>dom,gallery_scope_only,
Warn,BorgWarner,probable,https://www.warn.com/,WARN-17801,https://warn.com/search?q={sku},search_results,GET,q,generic_get_search,generic_q_search,direct_query_template,http_first,yes,no,low,probed,probed,medium,common_template_probe,http_first,,,,,,,,,,,,,,,,,jsonld>embedded_state>dom,gallery_scope_only,
Westin,Westin Automotive Products,probable,https://www.westinautomotive.com/,WES-21-1315,https://westinautomotive.com/search?q={sku},search_results,GET,q,generic_get_search,generic_q_search,direct_query_template,http_first,yes,no,low,probed,probed,medium,common_template_probe,http_first,,,,,,,,,,,,,,,,,jsonld>embedded_state>dom,gallery_scope_only,
"Wilwood Engineering, Inc.","Wilwood Engineering, Inc.",confirmed,https://wilwood.com/,WIL-220-9811,https://wilwood.com/Search/PartNoSearch?q={sku},search_results,GET,q,generic_get_search,part_number_search,custom_route_template,http_first,yes,no,low,verified,confirmed,high,playwright_search_submit,http_first,results_page_clickthrough,drop_first_dash_token,,no,https://wilwood.com/,,,,body search results page,a[href*='itemno='],first_result,,,,,,jsonld>embedded_state>dom,gallery_scope_only,"Strip the leading WIL token before search, then click the first itemno= result link on the PartNoSearch results page."
XDP,XDP,probable,https://www.xtremediesel.com/,XDP-XD200,https://www.xtremediesel.com/xtreme-diesel-performance-xdp-search?q={sku},search_results,GET,q,generic_get_search,generic_q_search,direct_query_template,http_first,yes,no,low,verified,confirmed,high,manual_user_seed_xdp_bot_sensitive,http_first,,,,,,,,,,,,,,,,,jsonld>embedded_state>dom,gallery_scope_only,Confirmed manual search route: https://www.xtremediesel.com/xtreme-diesel-performance-xdp-search?q={sku}. XDP is bot-sensitive; prefer schema lookup and the existing anti-bot handling where possible.
XS Power,XS Power,confirmed,https://4xspower.com/,XS-580,https://4xspower.com/search?q={sku},search_results,GET,q,generic_get_search,generic_q_search,direct_query_template,http_first,yes,no,low,verified,confirmed,high,manual_shopify_search_validation,http_first,,,,,,,,,,,,,,,,,jsonld>embedded_state>dom,gallery_scope_only,Search route validated; sample SKU returned a no-results page.
Yukon Gear & Axle,Yukon Gear & Axle,confirmed,https://www.yukongear.com/,YUK-YGK058,https://www.yukongear.com/search?q={sku},search_results,GET,q,generic_get_search,generic_q_search,direct_query_template,http_first,yes,no,low,detected,detected,medium,jsonld_searchaction_or_html_form,http_first,,,,,,,,,,,,,,,,,jsonld>embedded_state>dom,gallery_scope_only,
Zone Offroad Suspension,Zone Offroad Suspension,confirmed,https://zoneoffroad.com/,ZON-D9,https://zoneoffroad.com/search?q={sku},search_results,GET,q,generic_get_search,generic_q_search,direct_query_template,http_first,yes,no,low,detected,detected,medium,jsonld_searchaction_or_html_form,http_first,,,,,,,,,,,,,,,,,jsonld>embedded_state>dom,gallery_scope_only,
Zumbrota Drivetrain,Zumbrota Drivetrain,confirmed,https://www.zumbrotadrivetrain.com/,ZUM-RTC241DHD-7,https://www.zumbrotadrivetrain.com/search?q={sku},search_results,GET,q,generic_get_search,generic_q_search,direct_query_template,http_first,yes,no,low,detected,detected,medium,jsonld_searchaction_or_html_form,http_first,,,,,,,,,,,,,,,,,jsonld>embedded_state>dom,gallery_scope_only,
AFE,AFE,confirmed,https://afepower.com/,46-71370B,https://afepower.com/catalogsearch/result/?q={sku},search_results,GET,q,magento,magento_catalogsearch,catalog_or_storefront_search,http_first,yes,no,low,verified,confirmed,high,manual_user_seed,http_first,,,,,,,,,,,,,,,,,jsonld>embedded_state>dom,gallery_scope_only,
Black Rhino Wheels,Black Rhino Wheels,confirmed,https://www.blackrhinowheels.com/,BRW-1795ARY-88170G25,https://www.blackrhinowheels.com/catalogsearch/result/?q={sku},search_results,GET,q,magento,magento_catalogsearch,catalog_or_storefront_search,http_first,yes,no,low,verified,confirmed,high,manual_magento_form_validation,http_first,,,,,,,,,,,,,,,,,jsonld>embedded_state>dom,gallery_scope_only,
Cognito Motorsports Suspension,Cognito Motorsports Suspension,probable,https://cognitomotorsports.com/,CM-110-90715,https://cognitomotorsports.com/catalogsearch/result/?q={sku},search_results,GET,q,magento,magento_catalogsearch,catalog_or_storefront_search,http_first,yes,no,low,verified,confirmed,high,playwright_search_submit,http_first,,,,,,,,,,,,,,,,,jsonld>embedded_state>dom,gallery_scope_only,
Diode Dynamics,Diode Dynamics,probable,https://www.diodedynamics.com/,DD-DD7120,https://www.diodedynamics.com/catalogsearch/result/?q={sku},search_results,GET,q,magento,magento_catalogsearch,catalog_or_storefront_search,http_first,yes,no,low,detected,detected,medium,jsonld_searchaction_or_html_form,http_first,,,,,,,,,,,,,,,,,jsonld>embedded_state>dom,gallery_scope_only,
Fleece Performance Engineering,Fleece Performance Engineering,confirmed,https://www.fleeceperformance.com/,FPE-CP3X2,https://www.fleeceperformance.com/catalogsearch/result/?q={sku},search_results,GET,q,magento,magento_catalogsearch,catalog_or_storefront_search,http_first,yes,no,low,detected,detected,medium,jsonld_searchaction_or_html_form,http_first,,,,,,,,,,,,,,,,,jsonld>embedded_state>dom,gallery_scope_only,
Fleetguard Filters,Fleetguard Filters,probable,https://fleet-reliable-filters.com/catalogs,FG-LF9028,https://fleet-reliable-filters.com/catalogsearch/result/index/?q={sku},search_results,GET,q,magento,magento_catalogsearch,catalog_or_storefront_search,http_first,yes,no,low,detected,detected,medium,jsonld_searchaction_or_html_form,http_first,,,,,,,,,,,,,,,,,jsonld>embedded_state>dom,gallery_scope_only,
Flex-A-Lite,Flex-A-Lite,probable,https://flex-a-lite.com/,FAL-103961,https://flex-a-lite.com/catalogsearch/result/?q={sku},search_results,GET,q,magento,magento_catalogsearch,catalog_or_storefront_search,http_first,yes,no,low,verified,confirmed,high,playwright_search_submit,http_first,,,,,,,,,,,,,,,,,jsonld>embedded_state>dom,gallery_scope_only,
Mishimoto,Mishimoto,confirmed,https://www.mishimoto.com/,MISH-R1553,https://www.mishimoto.com/catalogsearch/result/?q={sku},search_results,GET,q,magento,magento_catalogsearch,catalog_or_storefront_search,http_first,yes,no,low,detected,detected,medium,jsonld_searchaction_or_html_form,http_first,,,,,,,,,,,,,,,,,jsonld>embedded_state>dom,gallery_scope_only,
Nemesis Industries,Nemesis Industries,probable,https://nem-ind.com/,NEM-121840,https://nem-ind.com/catalogsearch/result/?q={sku},search_results,GET,q,magento,magento_catalogsearch,catalog_or_storefront_search,http_first,yes,no,low,detected,detected,medium,jsonld_searchaction_or_html_form,http_first,,,,,,,,,,,,,,,,,jsonld>embedded_state>dom,gallery_scope_only,
NOS Nitrous Oxide Systems,NOS Nitrous Oxide Systems,probable,https://www.noswizard.com/,NOS-02521NOS,https://www.noswizard.com/catalogsearch/result/?q={sku},search_results,GET,q,magento,magento_catalogsearch,catalog_or_storefront_search,http_first,yes,no,low,verified,confirmed,high,playwright_search_submit,http_first,,,,,,,,,,,,,,,,,jsonld>embedded_state>dom,gallery_scope_only,
Powermaster Performance Starters and Alternators,Powermaster Performance Starters and Alternators,probable,https://www.powermasterperformance.com/about-us,PM-7767,https://www.powermasterperformance.com/catalogsearch/result/index/?q={sku},search_results,GET,q,magento,magento_catalogsearch,catalog_or_storefront_search,http_first,yes,no,low,detected,detected,medium,jsonld_searchaction_or_html_form,http_first,,,,,,,,,,,,,,,,,jsonld>embedded_state>dom,gallery_scope_only,
Race Sport Lighting,Race Sport Lighting,probable,https://www.racesportinc.com/,RSL-9FT3PE,https://www.racesportinc.com/catalogsearch/result/index/?q={sku},search_results,GET,q,magento,magento_catalogsearch,catalog_or_storefront_search,http_first,yes,no,low,detected,detected,medium,jsonld_searchaction_or_html_form,http_first,,,,,,,,,,,,,,,,,jsonld>embedded_state>dom,gallery_scope_only,
ReadyLIFT Suspension,ReadyLIFT Suspension,confirmed,https://www.readylift.com/,RL-69-4630,https://www.readylift.com/catalogsearch/result/?cat=2&q={sku},search_results,GET,q,magento,magento_catalogsearch,catalog_or_storefront_search,http_first,yes,no,low,verified,confirmed,high,playwright_search_submit,http_first,,,,,,,,,,,,,,,,,jsonld>embedded_state>dom,gallery_scope_only,
Rigid Industries,Rigid Industries,confirmed,https://www.rigidindustries.com/,RIGID-40200,https://www.rigidindustries.com/catalogsearch/result/index/?q={sku},search_results,GET,q,magento,magento_catalogsearch,catalog_or_storefront_search,http_first,yes,no,low,detected,detected,medium,jsonld_searchaction_or_html_form,http_first,,,,,,,,,,,,,,,,,jsonld>embedded_state>dom,gallery_scope_only,
No Limit Fabrication,No Limit Fabrication,confirmed,https://nolimitfabrication.com/,NL-67OP,https://nolimitfabrication.com/search.html?q={sku},search_results,GET,q,partslogic,partslogic_search_redirect,overlay_redirect_search,http_first,yes,no,low,verified,confirmed,high,manual_results_page_clickthrough,http_first,results_page_clickthrough,,,yes,https://nolimitfabrication.com/,#pl-search-bar-container,input#sui-search-bar-input,button.searchBar_styledButton__stNhX,body search results page,a[href*='/i-'],exact_sku_in_result_block_then_first_result,,,,,https://nolimitfabrication.com/i-{id}?q={sku},jsonld>embedded_state>dom,gallery_scope_only,"Validated against the live Partslogic storefront. The homepage widget uses input#sui-search-bar-input inside #pl-search-bar-container, but the stronger runtime path is direct GET /search.html?q={sku}. That results page returns /i-... product links for queries like 67OP, so treat it as a results-page clickthrough resolver rather than a popup-only search. | Treat /search.html?q={sku} as the primary resolver and click the best /i-... result. The homepage widget is useful for manual validation, not required for runtime."
AccuAir Suspension,AccuAir Suspension,confirmed,https://accuair.com/,AA-3837,https://accuair.com/search?q={sku}&options%5Bprefix%5D=last,search_results,GET,q,shopify,generic_q_search,direct_query_template,http_first,yes,no,low,verified,confirmed,high,playwright_search_submit,http_first,,,,,,,,,,,,,,,,,jsonld>embedded_state>dom,gallery_scope_only,
ADDICTIVE DESERT DESIGNS,ADDICTIVE DESERT DESIGNS,probable,https://www.addictivedesertdesigns.com/,ADD-AC8101801NA,https://www.addictivedesertdesigns.com/search?type=product&options[prefix]=last&q={sku},search_results,GET,q,shopify,shopify_product_search,custom_route_template,http_first,yes,no,low,verified,confirmed,high,manual_user_seed,http_first,shopify_suggest_json,drop_first_dash_token,,no,https://www.addictivedesertdesigns.com/,,,,,,,"https://www.addictivedesertdesigns.com/search/suggest.json?q={sku}&resources[type]=product,page,article,collection&resources[limit]=10&resources[options][unavailable_products]=hide&resources[options][fields]=title,author,body,product_type,tag,variants.sku,variants.title,vendor",,,,,jsonld>embedded_state>dom,gallery_scope_only,Use the same Shopify-family transform as PPE and Industrial: strip the vendor token before search.
Industrial Injection,Industrial Injection,confirmed,https://industrialinjection.com/,II-227411,https://industrialinjection.com/search?type=product%2Carticle%2Cpage%2Ccollection&options[prefix]=last&q={sku},search_results,GET,q,shopify,shopify_product_search,custom_route_template,http_first,yes,no,low,verified,confirmed,high,playwright_search_submit,http_first,shopify_suggest_json,drop_first_dash_token,,no,https://industrialinjection.com/,,,,,,,"https://industrialinjection.com/search/suggest.json?q={sku}&resources[type]=product,page,article,collection&resources[limit]=10&resources[options][unavailable_products]=hide&resources[options][fields]=title,author,body,product_type,tag,variants.sku,variants.title,vendor",,,,,jsonld>embedded_state>dom,gallery_scope_only,Use Shopify suggest JSON first and strip the leading vendor token from the SKU before search.
PPE (Pacific Performance Eng.),PPE (Pacific Performance Eng.),confirmed,https://ppepower.com/,PPE-1110100,https://ppepower.com/search?type=product%2Cpage%2Carticle%2Ccollection&options%5Bunavailable_products%5D=show&options%5Bprefix%5D=last&q={sku},search_results,GET,q,shopify,shopify_product_search,custom_route_template,http_first,yes,no,low,verified,confirmed,high,playwright_search_submit,http_first,shopify_suggest_json,drop_first_dash_token,drop_first_dash_token>trim_last_char,no,https://ppepower.com/,,,,,,,"https://ppepower.com/search/suggest.json?q={sku}&resources[type]=product,page,article,collection&resources[limit]=10&resources[options][unavailable_products]=hide&resources[options][fields]=title,author,body,product_type,tag,variants.sku,variants.title,vendor",,,,,jsonld>embedded_state>dom,gallery_scope_only,"Shopify suggest JSON is the primary resolver for PPE. Search with the stripped term first, then retry with a one-character trim to catch parent-level variant listings."
Rancho,Rancho,probable,https://www.gorancho.com/,RAN-RS5419,https://www.gorancho.com/search?q={sku}&options%5Bprefix%5D=last&type=product,search_results,GET,q,shopify,generic_q_search,direct_query_template,http_first,yes,no,low,verified,confirmed,high,playwright_search_submit,http_first,,,,,,,,,,,,,,,,,jsonld>embedded_state>dom,gallery_scope_only,
Smeding Diesel,Smeding Diesel,confirmed,https://www.smedingdiesel.com/,SME-C6762EDRT,https://www.smedingdiesel.com/search?q={sku}&options%5Bprefix%5D=last,search_results,GET,q,shopify,generic_q_search,direct_query_template,http_first,yes,no,low,verified,confirmed,high,playwright_search_submit,http_first,,,,,,,,,,,,,,,,,jsonld>embedded_state>dom,gallery_scope_only,
Toolbox Widget,Toolbox Widget,confirmed,https://toolboxwidget.com/,TBW-VW15,https://toolboxwidget.com/search?q={sku}&options%5Bprefix%5D=last,search_results,GET,q,shopify,generic_q_search,direct_query_template,http_first,yes,no,low,verified,confirmed,high,playwright_search_submit,http_first,,,,,,,,,,,,,,,,,jsonld>embedded_state>dom,gallery_scope_only,
Total Seal Piston Rings,Total Seal Piston Rings,confirmed,https://store.totalseal.com/,TSPR-S4194,https://store.totalseal.com/search?type=product&q={sku},search_results,GET,query,shopify,shopify_product_search,custom_route_template,http_first,yes,no,low,probed,probed,medium,common_template_probe,http_first,shopify_suggest_json,drop_first_dash_token,,no,https://store.totalseal.com/,,,,,,first_result,"https://store.totalseal.com/search/suggest.json?q={sku}&resources[type]=product,page,article,collection&resources[limit]=10&resources[options][unavailable_products]=hide&resources[options][fields]=title,author,body,product_type,tag,variants.sku,variants.title,vendor",,,,,jsonld>embedded_state>dom,gallery_scope_only,Total Seal Shopify store is at store.totalseal.com (not totalseal.com). Strip TSPR- prefix; use suggest.json API.
4x4 Posi-Lok,4x4 Posi-Lok,confirmed,https://4x4posi-lok.com/,PSL-100,https://4x4posi-lok.com/?s={sku},search_results,GET,s,wordpress_like,wordpress_s_query,direct_query_template,http_first,yes,no,low,detected,detected,medium,jsonld_searchaction_or_html_form,http_first,,,,,,,,,,,,,,,,,jsonld>embedded_state>dom,gallery_scope_only,
AEM,AEM,probable,https://www.aemintakes.com/,AEM-30-3351,https://www.aemintakes.com/search/{sku},search_results,GET,,wordpress_like,wordpress_search_path,custom_route_template,http_first,yes,no,low,review,probable,review,manual_user_seed,http_first,,,,,,,,,,,,,,,,,jsonld>embedded_state>dom,gallery_scope_only,
AirDog | PureFlow Technologies,AirDog | PureFlow Technologies,confirmed,https://airdogdiesel.com/,PFT-WS100,https://airdogdiesel.com/?s={sku},search_results,GET,s,wordpress_like,wordpress_s_query,direct_query_template,http_first,yes,no,low,verified,confirmed,high,manual_wordpress_search_validation,http_first,,,,,,,,,,,,,,,,,jsonld>embedded_state>dom,gallery_scope_only,Validated WordPress search route; alternate /search/{sku} route also appears in og:url.
Alliant Power,Alliant Power,confirmed,https://alliantpower.com/,AP-AP0015,https://alliantpower.com/?s={sku},search_results,GET,s,wordpress_like,wordpress_s_query,direct_query_template,http_first,yes,no,low,detected,detected,medium,jsonld_searchaction_or_html_form,http_first,,,,,,,,,,,,,,,,,jsonld>embedded_state>dom,gallery_scope_only,
AMP Research,AMP Research,probable,https://ampresearchco.com/about-us/,AMP-75301-01A,https://ampresearchco.com/?s={sku},search_results,GET,s,wordpress_like,wordpress_s_query,direct_query_template,http_first,yes,no,low,verified,confirmed,high,manual_user_seed,http_first,,,,,,,,,,,,,,,,,jsonld>embedded_state>dom,gallery_scope_only,.com tld; 3 full vendor match(es) in domain; 2 vendor token hit(s); vendor key present in result text; official/manufacturer phrase; deep path candidate
Apex Designs,Apex Designs,probable,https://apexdesignsllc.com/,APXD-X02-02-002,https://apexdesignsllc.com/?s={sku},search_results,GET,s,wordpress_like,wordpress_s_query,direct_query_template,http_first,yes,no,low,probed,probed,medium,common_template_probe,http_first,,,,,,,,,,,,,,,,,jsonld>embedded_state>dom,gallery_scope_only,
AutoEnginuity,AutoEnginuity,probable,https://www.autoenginuity.com/,Auto-EI02,https://www.autoenginuity.com/?s={sku},search_results,GET,s,wordpress_like,wordpress_s_query,direct_query_template,http_first,yes,no,low,detected,detected,medium,jsonld_searchaction_or_html_form,http_first,,,,,,,,,,,,,,,,,jsonld>embedded_state>dom,gallery_scope_only,
Baja Designs Offroad LED Lights,Baja Designs Offroad LED Lights,confirmed,https://www.bajadesigns.com/,BD-107004,https://www.bajadesigns.com/?s={sku},search_results,GET,s,wordpress_like,wordpress_s_query,direct_query_template,http_first,yes,no,low,detected,detected,medium,jsonld_searchaction_or_html_form,http_first,,,,,,,,,,,,,,,,,jsonld>embedded_state>dom,gallery_scope_only,
Black Mamba Gloves,Black Mamba Gloves,confirmed,https://www.blackmambagloves.com/,BMG-OMG-110,https://www.blackmambagloves.com/?s={sku},search_results,GET,s,wordpress_like,wordpress_s_query,direct_query_template,http_first,yes,no,low,verified,confirmed,high,manual_wordpress_search_validation,http_first,,,,,,,,,,,,,,,,,jsonld>embedded_state>dom,gallery_scope_only,Search route validated; sample SKU returned a no-results page.
Bubba Rope,Bubba Rope,probable,https://www.bubbarope.com/,BR-176000OR,https://www.bubbarope.com/?s={sku},search_results,GET,s,wordpress_like,wordpress_s_query,direct_query_template,http_first,yes,no,low,detected,detected,medium,jsonld_searchaction_or_html_form,http_first,,,,,,,,,,,,,,,,,jsonld>embedded_state>dom,gallery_scope_only,
Bully Dog,Bully Dog,probable,https://bullydog.com/,BUL-30490,https://bullydog.com/?s={sku},search_results,GET,s,wordpress_like,wordpress_s_query,direct_query_template,http_first,yes,no,low,detected,detected,medium,jsonld_searchaction_or_html_form,http_first,,,,,,,,,,,,,,,,,jsonld>embedded_state>dom,gallery_scope_only,
Bully Dog Big Rig,Bully Dog Big Rig,probable,https://bullydogbigrig.com/products.php,Bul-56700,https://bullydog.com/?s={sku},search_results,GET,s,wordpress_like,wordpress_s_query,direct_query_template,http_first,yes,no,low,detected,detected,medium,jsonld_searchaction_or_html_form,http_first,,,,,,,,,,,,,,,,,jsonld>embedded_state>dom,gallery_scope_only,
Carli Suspension,Carli Suspension,confirmed,https://www.carlisuspension.com/,CS-FLC-05,https://www.carlisuspension.com/?s={sku},search_results,GET,s,wordpress_like,wordpress_s_query,direct_query_template,http_first,yes,no,low,detected,detected,medium,jsonld_searchaction_or_html_form,http_first,,,,,,,,,,,,,,,,,jsonld>embedded_state>dom,gallery_scope_only,
Cataclean,Cataclean,probable,https://cataclean.com/,CAC-120007,https://cataclean.com/?s={sku},search_results,GET,s,wordpress_like,wordpress_s_query,direct_query_template,http_first,yes,no,low,detected,detected,medium,jsonld_searchaction_or_html_form,http_first,,,,,,,,,,,,,,,,,jsonld>embedded_state>dom,gallery_scope_only,
Clampco,Clampco,probable,https://www.clampco.com/about/,DPP-94158-0300,https://clampco.com/?s={sku},search_results,GET,s,wordpress_like,wordpress_s_query,direct_query_template,http_first,yes,no,low,probed,probed,medium,common_template_probe,http_first,,,,,,,,,,,,,,,,,jsonld>embedded_state>dom,gallery_scope_only,
CNC Fabrication,CNC Fabrication,probable,https://cncfabrication.com/,CNC-424005,https://cncfabrication.com/?s={sku},search_results,GET,s,wordpress_like,wordpress_s_query,direct_query_template,http_first,yes,no,low,verified,confirmed,high,playwright_search_submit,http_first,,,,,,,,,,,,,,,,,jsonld>embedded_state>dom,gallery_scope_only,
CSF Radiators,CSF Radiators,probable,https://csfradiators.com/,CSF-6076,https://csfradiators.com/?s={sku},search_results,GET,s,wordpress_like,wordpress_s_query,direct_query_template,http_first,yes,no,low,detected,detected,medium,jsonld_searchaction_or_html_form,http_first,,,,,,,,,,,,,,,,,jsonld>embedded_state>dom,gallery_scope_only,
Custom Battery Cables,Custom Battery Cables,probable,https://custombatterycables.com/,CBC-781,https://custombatterycables.com/?s={sku},search_results,GET,s,wordpress_like,wordpress_s_query,direct_query_template,http_first,yes,no,low,detected,detected,medium,jsonld_searchaction_or_html_form,http_first,,,,,,,,,,,,,,,,,jsonld>embedded_state>dom,gallery_scope_only,
"Deaver Spring, Inc.","Deaver Spring, Inc.",probable,https://deaverspring.com/,DS-G7,https://deaverspring.com/?s={sku},search_results,GET,s,wordpress_like,wordpress_s_query,direct_query_template,http_first,yes,no,low,detected,detected,medium,jsonld_searchaction_or_html_form,http_first,,,,,,,,,,,,,,,,,jsonld>embedded_state>dom,gallery_scope_only,
Dethloff,Dethloff Mfg,probable,https://dethloffmfg.com/,DL-IG-19,https://dethloffmfg.com/?s={sku},search_results,GET,s,wordpress_like,wordpress_s_query,direct_query_template,http_first,yes,no,low,detected,detected,medium,jsonld_searchaction_or_html_form,http_first,,,,,,,,,,,,,,,,,jsonld>embedded_state>dom,gallery_scope_only,
DiabloSport,DiabloSport,probable,https://diablosportco.com/,DS-8145,https://diablosportco.com/?s={sku},search_results,GET,s,wordpress_like,wordpress_s_query,direct_query_template,http_first,yes,no,low,detected,detected,medium,jsonld_searchaction_or_html_form,http_first,,,,,,,,,,,,,,,,,jsonld>embedded_state>dom,gallery_scope_only,
Diamond Eye Performance,Diamond Eye Performance,confirmed,https://www.diamondeyeperformance.com/,DE-L20AA,https://www.diamondeyeperformance.com/?s={sku},search_results,GET,s,wordpress_like,wordpress_s_query,direct_query_template,http_first,yes,no,low,verified,confirmed,high,playwright_search_submit,http_first,,,,,,,,,,,,,,,,,jsonld>embedded_state>dom,gallery_scope_only,
Dually Design Co.,Dually Design Co.,probable,https://ddcwheels.com/brand/dually-design-co/,DDC-F14K40,https://ddcwheels.com/?s={sku},search_results,GET,s,wordpress_like,wordpress_s_query,direct_query_template,http_first,yes,no,low,detected,detected,medium,jsonld_searchaction_or_html_form,http_first,,,,,,,,,,,,,,,,,jsonld>embedded_state>dom,gallery_scope_only,
EBC Brakes,EBC Brakes,probable,https://www.ebcbrakes.com/,EBC-GD7509,https://www.ebcbrakes.com/?s={sku},search_results,GET,s,wordpress_like,wordpress_s_query,direct_query_template,http_first,yes,no,low,detected,detected,medium,jsonld_searchaction_or_html_form,http_first,,,,,,,,,,,,,,,,,jsonld>embedded_state>dom,gallery_scope_only,
EMP Shield,EMP Shield,probable,https://www.empshield.com/,EMP-DC-12V-W,https://www.empshield.com/?s={sku},search_results,GET,s,wordpress_like,wordpress_s_query,direct_query_template,http_first,yes,no,low,detected,detected,medium,jsonld_searchaction_or_html_form,http_first,,,,,,,,,,,,,,,,,jsonld>embedded_state>dom,gallery_scope_only,
Flowmaster,Flowmaster,probable,https://the-flowmaster.com/,FM-1078,https://the-flowmaster.com/?s={sku},search_results,GET,s,wordpress_like,wordpress_s_query,direct_query_template,http_first,yes,no,low,detected,detected,medium,jsonld_searchaction_or_html_form,http_first,,,,,,,,,,,,,,,,,jsonld>embedded_state>dom,gallery_scope_only,
Fluidampr,Fluidampr,probable,https://fluidampr.com/,FD-720211,https://fluidampr.com/?s={sku},search_results,GET,s,wordpress_like,wordpress_s_query,direct_query_template,http_first,yes,no,low,detected,detected,medium,jsonld_searchaction_or_html_form,http_first,,,,,,,,,,,,,,,,,jsonld>embedded_state>dom,gallery_scope_only,
Frantz Oil Filters,Frantz Oil Filters,probable,https://www.frantzfilters.com/,FOF-FKPWR60,https://www.frantzfilters.com/?s={sku},search_results,GET,s,wordpress_like,wordpress_s_query,direct_query_template,http_first,yes,no,low,detected,detected,medium,jsonld_searchaction_or_html_form,http_first,,,,,,,,,,,,,,,,,jsonld>embedded_state>dom,gallery_scope_only,
Fuel Bomb,Fuel Bomb,probable,https://fuelbomb.com/,FB-002,https://fuelbomb.com/?s={sku},search_results,GET,s,wordpress_like,wordpress_s_query,direct_query_template,http_first,yes,no,low,detected,detected,medium,jsonld_searchaction_or_html_form,http_first,,,,,,,,,,,,,,,,,jsonld>embedded_state>dom,gallery_scope_only,
Garrett,Garrett,probable,https://garrett.com/,GAR-448486-0004,https://garrett.com/?s={sku},search_results,GET,s,wordpress_like,wordpress_s_query,direct_query_template,http_first,yes,no,low,detected,detected,medium,jsonld_searchaction_or_html_form,http_first,,,,,,,,,,,,,,,,,jsonld>embedded_state>dom,gallery_scope_only,
Hamilton Cams,Hamilton Cams,probable,https://hamiltoncams.com/,HAM-SC-001,https://hamiltoncams.com/?s={sku},search_results,GET,s,wordpress_like,wordpress_s_query,direct_query_template,http_first,yes,no,low,detected,detected,medium,jsonld_searchaction_or_html_form,http_first,,,,,,,,,,,,,,,,,jsonld>embedded_state>dom,gallery_scope_only,
Heatshield Products,Heatshield Products,probable,https://heatshieldproducts.com/,HP-300074,https://heatshieldproducts.com/?s={sku},search_results,GET,s,wordpress_like,wordpress_s_query,direct_query_template,http_first,yes,no,low,detected,detected,medium,jsonld_searchaction_or_html_form,http_first,,,,,,,,,,,,,,,,,jsonld>embedded_state>dom,gallery_scope_only,
Hellwig Products,Hellwig Products,probable,https://www.hellwigproducts.com/,HEL-7252,https://www.hellwigproducts.com/?s={sku},search_results,GET,s,wordpress_like,wordpress_s_query,direct_query_template,http_first,yes,no,low,detected,detected,medium,jsonld_searchaction_or_html_form,http_first,,,,,,,,,,,,,,,,,jsonld>embedded_state>dom,gallery_scope_only,
Highway Products,Highway Products,probable,https://highwayproducts.com/,HP-4030-049,https://highwayproducts.com/?s={sku},search_results,GET,s,wordpress_like,wordpress_s_query,direct_query_template,http_first,yes,no,low,verified,confirmed,high,playwright_search_submit,http_first,,,,,,,,,,,,,,,,,jsonld>embedded_state>dom,gallery_scope_only,
Holset Turbochargers,Holset Turbochargers,probable,https://turbochargersbyholset.com/,HOL-4034315,https://turbochargersbyholset.com/?s={sku},search_results,GET,s,wordpress_like,wordpress_s_query,direct_query_template,http_first,yes,no,low,verified,confirmed,high,playwright_search_submit,http_first,,,,,,,,,,,,,,,,,jsonld>embedded_state>dom,gallery_scope_only,
Hot Shot's Secret High Performance Additives,Hot Shot's Secret High Performance Additives,probable,https://www.hotshotsecret.com/,HSS-AAL4Z,https://www.hotshotsecret.com/?s={sku},search_results,GET,s,wordpress_like,wordpress_s_query,direct_query_template,http_first,yes,no,low,verified,confirmed,high,manual_user_seed,http_first,,,,,,,,,,,,,,,,,jsonld>embedded_state>dom,gallery_scope_only,Confirmed manual search route: https://www.hotshotsecret.com/?s={sku}.
Kelderman,Kelderman,probable,https://kelderman.com/,KEL-69003,https://kelderman.com/?s={sku},search_results,GET,s,wordpress_like,wordpress_s_query,direct_query_template,http_first,yes,no,low,verified,confirmed,high,manual_user_seed,http_first,,,,,,,,,,,,,,,,,jsonld>embedded_state>dom,gallery_scope_only,Confirmed manual search route: https://kelderman.com/?s={sku}.
LRB Speed,LRB Speed,probable,https://lrbspeed.com/,LRB-10380,https://lrbspeed.com/?s={sku}&post_type=product,search_results,GET,s,wordpress_like,wordpress_s_query,direct_query_template,http_first,yes,no,low,verified,confirmed,high,playwright_search_submit,http_first,,,,,,,,,,,,,,,,,jsonld>embedded_state>dom,gallery_scope_only,
Mag-Hytec,Mag-Hytec,probable,https://mag-hytec.com/,MH-727-D,https://mag-hytec.com/?s={sku},search_results,GET,s,wordpress_like,wordpress_s_query,direct_query_template,http_first,yes,no,low,verified,confirmed,high,playwright_search_submit,http_first,,,,,,,,,,,,,,,,,jsonld>embedded_state>dom,gallery_scope_only,
Manton Pushrods,Manton Pushrods,probable,https://mantonpushrods.com/,MP-D-505-24v,https://mantonpushrods.com/?s={sku},search_results,GET,s,wordpress_like,wordpress_s_query,direct_query_template,http_first,yes,no,low,detected,detected,medium,jsonld_searchaction_or_html_form,http_first,,,,,,,,,,,,,,,,,jsonld>embedded_state>dom,gallery_scope_only,
MaxTrac Suspension,MaxTrac Suspension,probable,https://maxtracsuspension.com/,MT-993300,https://maxtracsuspension.com/?s={sku},search_results,GET,s,wordpress_like,wordpress_s_query,direct_query_template,http_first,yes,no,low,detected,detected,medium,jsonld_searchaction_or_html_form,http_first,,,,,,,,,,,,,,,,,jsonld>embedded_state>dom,gallery_scope_only,
McGaughy's Suspension Parts,McGaughy's Suspension Parts,probable,https://mcgaughys.com/products-home-page/,MCG-51052,https://mcgaughys.com/?s={sku},search_results,GET,s,wordpress_like,wordpress_s_query,direct_query_template,http_first,yes,no,low,detected,detected,medium,jsonld_searchaction_or_html_form,http_first,,,,,,,,,,,,,,,,,jsonld>embedded_state>dom,gallery_scope_only,
Mean Green,Mean Green,probable,https://mean-green-cleaner.com/,MEAN-MG7892,https://mean-green-cleaner.com/?s={sku},search_results,GET,s,wordpress_like,wordpress_s_query,direct_query_template,http_first,yes,no,low,detected,detected,medium,jsonld_searchaction_or_html_form,http_first,,,,,,,,,,,,,,,,,jsonld>embedded_state>dom,gallery_scope_only,
Mevotech,Mevotech,probable,https://www.mevotech.com/,MT-MK7467,https://www.mevotech.com/?s={sku},search_results,GET,s,wordpress_like,wordpress_s_query,direct_query_template,http_first,yes,no,low,detected,detected,medium,jsonld_searchaction_or_html_form,http_first,,,,,,,,,,,,,,,,,jsonld>embedded_state>dom,gallery_scope_only,
MOOG,MOOG,probable,https://www.moog.com/,MOG-479,https://moog.com/?s={sku},search_results,GET,s,wordpress_like,wordpress_s_query,direct_query_template,http_first,yes,no,low,probed,probed,medium,common_template_probe,http_first,,,,,,,,,,,,,,,,,jsonld>embedded_state>dom,gallery_scope_only,
N-FAB,N-FAB,probable,https://nfabco.com/,NFAB-F171MRDS,https://nfabco.com/?s={sku},search_results,GET,s,wordpress_like,wordpress_s_query,direct_query_template,http_first,yes,no,low,detected,detected,medium,jsonld_searchaction_or_html_form,http_first,,,,,,,,,,,,,,,,,jsonld>embedded_state>dom,gallery_scope_only,
Power Products Unlimited,Power Products Unlimited,probable,https://powerproductsunlimited.com/,PPU-ARBCOMPMOUNT,https://powerproductsunlimited.com/?s={sku},search_results,GET,s,wordpress_like,wordpress_s_query,direct_query_template,http_first,yes,no,low,detected,detected,medium,jsonld_searchaction_or_html_form,http_first,,,,,,,,,,,,,,,,,jsonld>embedded_state>dom,gallery_scope_only,
Power Stroke Products,Power Stroke Products,probable,https://powerstrokeproducts.com/,PSP-PP-SS-12V,https://powerstrokeproducts.com/?s={sku},search_results,GET,s,wordpress_like,wordpress_s_query,direct_query_template,http_first,yes,no,low,detected,detected,medium,jsonld_searchaction_or_html_form,http_first,,,,,,,,,,,,,,,,,jsonld>embedded_state>dom,gallery_scope_only,
PowerStop,PowerStop,probable,https://www.powerstop.com/about-us/,PSB-SW-1218,https://www.powerstop.com/?s={sku},search_results,GET,s,wordpress_like,wordpress_s_query,direct_query_template,http_first,yes,no,low,detected,detected,medium,jsonld_searchaction_or_html_form,http_first,,,,,,,,,,,,,,,,,jsonld>embedded_state>dom,gallery_scope_only,
PurePower,PurePower,probable,http://www.purepoweraps.com/,PP-7782-PP,https://purepowertechnologies.com/?s={sku},search_results,GET,s,wordpress_like,wordpress_s_query,direct_query_template,http_first,yes,no,low,verified,confirmed,high,manual_user_seed,http_first,,,,,,,,,,,,,,,,,jsonld>embedded_state>dom,gallery_scope_only,Confirmed manual search route: https://purepowertechnologies.com/?s={sku}.
Putco Truck Accessories,Putco Truck Accessories,probable,https://www.putco.com/,PUT-92801,https://www.putco.com/?s={sku},search_results,GET,s,wordpress_like,wordpress_s_query,direct_query_template,http_first,yes,no,low,verified,confirmed,high,playwright_search_submit,http_first,,,,,,,,,,,,,,,,,jsonld>embedded_state>dom,gallery_scope_only,
Rev-X Oil & Fuel Additive,Rev-X Oil & Fuel Additive,confirmed,https://revxoil.com/,Rev-X-0400,https://revxoil.com/?s={sku},search_results,GET,s,wordpress_like,wordpress_s_query,direct_query_template,http_first,yes,no,low,detected,detected,medium,jsonld_searchaction_or_html_form,http_first,,,,,,,,,,,,,,,,,jsonld>embedded_state>dom,gallery_scope_only,
RevMax Converters,RevMax Converters,probable,https://www.revmaxconverters.com/,REVM-478-311,https://revmaxconverters.com/?s={sku},search_results,GET,s,wordpress_like,wordpress_s_query,direct_query_template,http_first,yes,no,low,probed,probed,medium,common_template_probe,http_first,,,,,,,,,,,,,,,,,jsonld>embedded_state>dom,gallery_scope_only,
Rock Slide Engineering,Rock Slide Engineering,confirmed,https://rockslideengineering.com/,RSE-RS-910,https://rockslideengineering.com/?s={sku},search_results,GET,s,wordpress_like,wordpress_s_query,direct_query_template,http_first,yes,no,low,detected,detected,medium,jsonld_searchaction_or_html_form,http_first,,,,,,,,,,,,,,,,,jsonld>embedded_state>dom,gallery_scope_only,
Rock Tamers Mud Flaps,Rock Tamers Mud Flaps,confirmed,https://rocktamers.com/,RT-00108,https://rocktamers.com/?s={sku},search_results,GET,s,wordpress_like,wordpress_s_query,direct_query_template,http_first,yes,no,low,detected,detected,medium,jsonld_searchaction_or_html_form,http_first,,,,,,,,,,,,,,,,,jsonld>embedded_state>dom,gallery_scope_only,
S&S Diesel Motorsport,S&S Diesel Motorsport,confirmed,https://ssdiesel.com/,SSDM-67F-DCR-1,https://ssdiesel.com/?s={sku},search_results,GET,s,wordpress_like,wordpress_s_query,direct_query_template,http_first,yes,no,low,verified,confirmed,high,manual_wordpress_search_validation,http_first,,,,,,,,,,,,,,,,,jsonld>embedded_state>dom,gallery_scope_only,
SCT,SCT,confirmed,https://sctflash.com/,SCT-9817,https://sctflash.com/?s={sku},search_results,GET,s,wordpress_like,wordpress_s_query,direct_query_template,http_first,yes,no,low,detected,detected,medium,jsonld_searchaction_or_html_form,http_first,,,,,,,,,,,,,,,,,jsonld>embedded_state>dom,gallery_scope_only,
Skyjacker Suspension,Skyjacker Suspension,confirmed,https://skyjacker.com/,SKY-D25,https://skyjacker.com/?s={sku},search_results,GET,s,wordpress_like,wordpress_s_query,direct_query_template,http_first,yes,no,low,detected,detected,medium,jsonld_searchaction_or_html_form_with_playwright,http_first,,,,,,,,,,,,,,,,,jsonld>embedded_state>dom,gallery_scope_only,
sPOD,sPOD Switch Pods,confirmed,https://www.4x4spod.com/,,https://4x4spod.com/?s={sku},search_results,GET,s,wordpress_like,wordpress_s_query,direct_query_template,http_first,yes,no,low,detected,detected,medium,jsonld_searchaction_or_html_form,http_first,,,,,,,,,,,,,,,,,jsonld>embedded_state>dom,gallery_scope_only,
Sprint Booster,Sprint Booster,confirmed,https://www.sprintboosterusa.com/,SBDO1003S,https://www.sprintboosterusa.com/?s={sku},search_results,GET,s,wordpress_like,wordpress_s_query,direct_query_template,http_first,yes,no,low,detected,detected,medium,jsonld_searchaction_or_html_form,http_first,,,,,,,,,,,,,,,,,jsonld>embedded_state>dom,gallery_scope_only,
SpynTec Industries,SpynTec Industries,confirmed,https://spyntec.com/,SAST-D09S,https://spyntec.com/?s={sku},search_results,GET,s,wordpress_like,wordpress_s_query,direct_query_template,http_first,yes,no,low,verified,confirmed,high,manual_wordpress_search_validation,http_first,,,,,,,,,,,,,,,,,jsonld>embedded_state>dom,gallery_scope_only,
SuperSprings,SuperSprings,confirmed,https://superspringsinternational.com/,SS-SSA22,https://superspringsinternational.com/?s={sku}&id=5023383376,search_results,GET,s,wordpress_like,wordpress_s_query,direct_query_template,http_first,yes,no,low,verified,confirmed,high,playwright_search_submit,http_first,,,,,,,,,,,,,,,,,jsonld>embedded_state>dom,gallery_scope_only,
Switch-Pros,Switch-Pros,confirmed,https://www.switchpros.com/,SP-SP9100BEZEL,https://www.switchpros.com/?s={sku},search_results,GET,s,wordpress_like,wordpress_s_query,direct_query_template,http_first,yes,no,low,detected,detected,medium,jsonld_searchaction_or_html_form_with_playwright,http_first,,,,,,,,,,,,,,,,,jsonld>embedded_state>dom,gallery_scope_only,
Trigger Wireless Accessory Controller,Trigger Wireless Accessory Controller,confirmed,https://triggercontroller.com/,AAC-2100,https://triggercontroller.com/?s={sku},search_results,GET,s,wordpress_like,wordpress_s_query,direct_query_template,http_first,yes,no,low,verified,confirmed,high,playwright_search_submit,http_first,,,,,,,,,,,,,,,,,jsonld>embedded_state>dom,gallery_scope_only,
Tuffy Security,Tuffy Security,confirmed,https://tuffyproducts.com/,TFY-354-01,https://tuffyproducts.com/?s={sku},search_results,GET,s,wordpress_like,wordpress_s_query,direct_query_template,http_first,yes,no,low,detected,detected,medium,jsonld_searchaction_or_html_form,http_first,,,,,,,,,,,,,,,,,jsonld>embedded_state>dom,gallery_scope_only,
Turbosmart,Turbosmart,confirmed,https://www.turbosmart.com/,TS-0304-1002,https://www.turbosmart.com/?s={sku},search_results,GET,s,wordpress_like,wordpress_s_query,direct_query_template,http_first,yes,no,low,detected,detected,medium,jsonld_searchaction_or_html_form,http_first,,,,,,,,,,,,,,,,,jsonld>embedded_state>dom,gallery_scope_only,
Valair Clutch,Valair Clutch,confirmed,https://valairinc.com/,V-2130,https://valairinc.com/?s={sku},search_results,GET,s,wordpress_like,wordpress_s_query,direct_query_template,http_first,yes,no,low,probed,probed,medium,common_template_probe,http_first,,,,,,,,,,,,,,,,,jsonld>embedded_state>dom,gallery_scope_only,
Weigh Safe,Weigh Safe,confirmed,https://www.weigh-safe.com/,WSF-WS05,https://www.weigh-safe.com/?s={sku},search_results,GET,s,wordpress_like,wordpress_s_query,direct_query_template,http_first,yes,no,low,detected,detected,medium,jsonld_searchaction_or_html_form,http_first,,,,,,,,,,,,,,,,,jsonld>embedded_state>dom,gallery_scope_only,
Expedition One,Expedition One,probable,https://www.expeditiononestore.com/,EXP1-FORDSD-17-FB-PC,https://www.expeditiononestore.com/search.asp?keyword={sku},search_results,GET,keyword,3dcart_like,searchasp_keyword,catalog_or_storefront_search,http_first_with_browser_fallback,yes,no,low,verified,confirmed,high,manual_user_seed,http_first,results_page_clickthrough,identity,,no,https://www.expeditiononestore.com/search.asp?keyword={sku},,,,,a[href*='_p_'],first_result,,,,,,jsonld>embedded_state>dom,gallery_scope_only,PARKED: search.asp JS-rendered; search_quick.asp API works but name/description-based only; EXP1 SKU codes do not map to their product name index. | PARKED: search.asp is JS-rendered (HTTP returns empty results). search_quick.asp AJAX API works with cookie sessions but indexes by product name only — EXP1 SKU codes (FORDSD-17-FB-PC etc.) do not match their product name index. Category pages statically render _p_ URLs. Needs custom name-based search term derivation from SKU segments.
PMF Suspension,PMF Suspension,confirmed,https://www.pmfsuspension.com/,PMF-FRD-5004,https://www.pmfsuspension.com/search.asp?keyword={sku},search_results,GET,keyword,3dcart_like,searchasp_keyword,catalog_or_storefront_search,http_first_with_browser_fallback,yes,no,medium,verified,confirmed,high,manual_results_page_clickthrough,http_first,results_page_clickthrough,drop_first_dash_token,identity,no,https://www.pmfsuspension.com/search.asp?keyword={sku},,,,,a[href*='_p_'],first_result,,,,,,jsonld>embedded_state>dom,gallery_scope_only,"Known results-page search route; direct fetch is currently blocked here by Cloudflare 403, but first result is typically the target product. | pmfsuspension.com is OSCommerce-style ASP. Product URLs follow /{title}_p_{id}.html pattern. Prior probe showed identity 1/2 with _p_170.html result. Strip PMF- prefix before search."
ADS Shocks,ADS Shocks,probable,https://www.adsshocks.com/,ADS-100ADS-10084,https://www.adsshocks.com/search/?q={sku},search_results,GET,q,custom,path_or_query_search,custom_route_template,http_first_with_browser_fallback,yes,no,low,verified,confirmed,high,manual_user_seed,http_first,results_page_clickthrough,drop_first_dash_token,,,,,,,,,,,,,,,jsonld>embedded_state>dom,gallery_scope_only,
Anvil Off-Road,Anvil Off-Road,probable,https://www.anviloffroad.ca/,AOR-2791AOR,https://www.holley.com/search/?q={sku},search_results,GET,q,custom,path_or_query_search,custom_route_template,http_first_with_browser_fallback,yes,no,low,verified,confirmed,high,manual_parent_brand_holley_search,http_first,results_page_clickthrough,drop_first_dash_token,,,,,,,,,,,,,,,jsonld>embedded_state>dom,gallery_scope_only,Anvil Off-Road uses Holley search. Confirmed manual search route: https://www.holley.com/search/?q={sku}.
ARB,ARB,confirmed,https://arbusa.com/,ARB-AR09,https://store.arbusa.com/search.php?search_query={sku},search_results,GET,q,custom,bigcommerce_search_php_query,custom_route_template,http_first_with_browser_fallback,yes,no,low,verified,confirmed,high,manual_user_seed,http_first,results_page_clickthrough,drop_first_dash_token,,,,,,,,,,,,,,,jsonld>embedded_state>dom,gallery_scope_only,
ARP Bolts,ARP Bolts,probable,https://arp-bolts.com/,ARP-230-4201,https://arp-bolts.com/,custom_search,GET,,custom,custom_search,custom_route_template,http_first_with_browser_fallback,yes,no,low,review,custom,review,manual_user_seed,http_first,,,,,,,,,,,,,,,,,jsonld>embedded_state>dom,gallery_scope_only,
ATI Performance Products,ATI Performance Products,confirmed,https://www.atiracing.com/,ATI-917365,https://atiracing.com/search-results.htm?cx=017413898382317320130:lggw7qy_yqk&cof=FORID:11&q={sku},custom_search,GET,q,custom,path_or_query_search,custom_route_template,http_first_with_browser_fallback,yes,no,low,review,probable,review,manual_user_seed + html_form_detection,http_first,results_page_clickthrough,drop_first_dash_token,,,,,,,,,,,,,,,jsonld>embedded_state>dom,gallery_scope_only,
B&M Shifters,B&M Shifters,probable,https://www.bmracing.com/,BM-45199,https://www.holley.com/search/?q={sku},search_results,GET,q,custom,path_or_query_search,custom_route_template,http_first_with_browser_fallback,yes,no,low,verified,confirmed,high,inferred_parent_brand_holley_search,http_first,results_page_clickthrough,drop_first_dash_token,,,,,,,,,,,,,,,jsonld>embedded_state>dom,gallery_scope_only,Inferred from live browser redirect: bmracing.com resolves onto a Holley-hosted brand page. Using Holley search route https://www.holley.com/search/?q={sku}.
Baer Brake Systems,Baer Brake Systems,probable,https://www.baer.com/,BAER-2141023-2,https://www.baer.com/search/?q={sku},search_results,GET,q,custom,path_or_query_search,custom_route_template,http_first_with_browser_fallback,yes,no,low,verified,confirmed,high,playwright_search_submit,http_first,results_page_clickthrough,drop_first_dash_token,,,,,,,,,,,,,,,jsonld>embedded_state>dom,gallery_scope_only,
BD-Power,BD-Power,confirmed,https://us.bddiesel.com/,BD-1027144,https://us.bddiesel.com/search?q={sku},search_results,GET,q,custom,generic_q_search,custom_route_template,http_first_with_browser_fallback,yes,no,low,verified,confirmed,high,playwright_search_submit,http_first,shopify_suggest_json,drop_first_dash_token,,,,,,,,,,https://us.bddiesel.com/search/suggest.json?q={sku}&resources[type]=product&resources[limit]=5,,,,,jsonld>embedded_state>dom,gallery_scope_only,
BMC Lights,BMC Lights,probable,https://bmclights.com/,BMC-RAM-250-HB-RGD-STD,https://bmclights.com/shop-for-bmc-kits/ols/search?keywords={sku},search_results,GET,keywords,custom,generic_keyword_search,direct_query_template,http_first_with_browser_fallback,yes,no,low,verified,confirmed,high,manual_user_seed,http_first,,,,,,,,,,,,,,,,,jsonld>embedded_state>dom,gallery_scope_only,Confirmed manual search route: https://bmclights.com/shop-for-bmc-kits/ols/search?keywords={sku}.
Borgeson,Borgeson,probable,https://www.borgeson.com/,BG-800123,https://www.borgeson.com/?target=search&mode=search&substring={sku}&including=all,search_results,GET,substring,custom,substring_search,custom_route_template,http_first_with_browser_fallback,yes,no,low,verified,confirmed,high,manual_user_seed,http_first,results_page_clickthrough,identity,,yes,https://www.borgeson.com/,,,,,,,,,,,,jsonld>embedded_state>dom,gallery_scope_only,Confirmed manual search URL from site search UI. Existing note: Search returned no results | Use exact SKU as-is on the X-Cart substring search URL. The search results page returns extractable product data without needing to click a result link.
BorgWarner,BorgWarner,confirmed,https://www.borgwarner.com/home,BW-179425,https://www.borgwarner.com/search?indexCatalogue=default&searchQuery={sku}&wordsMode=0,search_results,GET,searchQuery,custom,custom_search,custom_route_template,http_first_with_browser_fallback,yes,no,low,verified,confirmed,high,playwright_search_submit,http_first,,,,,,,,,,,,,,,,,jsonld>embedded_state>dom,gallery_scope_only,
Camburg Suspension,Camburg Suspension,probable,https://www.suspensionlifts.com/brand/camburg/,CAM-030061,https://www.suspensionlifts.com/?post_type=product&s={sku}&asp_active=1&p_asid=1&p_asp_data=1&filters_initial=1&filters_changed=0&qtranslate_lang=0&woo_currency=USD&current_page_id=701,search_results,GET,s,custom,custom_search,custom_route_template,http_first_with_browser_fallback,yes,no,low,verified,confirmed,high,manual_user_seed,http_first,,,,,,,,,,,,,,,,,jsonld>embedded_state>dom,gallery_scope_only,.com tld; 1 vendor token hit(s); vendor key present in result text; deep path candidate
Cummins Diesel Parts,Cummins Diesel Parts,probable,https://parts.cummins.com/esn-entry/main,DPP-12VB,https://parts.cummins.com/global-search/main/{sku},search_results,GET,,custom,path_or_query_search,custom_route_template,http_first_with_browser_fallback,yes,no,low,verified,confirmed,high,playwright_search_submit,http_first,results_page_clickthrough,drop_first_dash_token,,,,,,,,,,,,,,,jsonld>embedded_state>dom,gallery_scope_only,
Dana / Spicer,Dana / Spicer,probable,https://www.dana.com/,SPICER-SPL55-3X,https://www.dana.com/search/?q={sku},search_results,GET,q,custom,path_or_query_search,custom_route_template,http_first_with_browser_fallback,yes,no,low,verified,confirmed,high,playwright_search_submit,http_first,results_page_clickthrough,drop_first_dash_token,,,,,,,,,,,,,,,jsonld>embedded_state>dom,gallery_scope_only,
Dipaco DTech Diesel Parts,Dipaco DTech Diesel Parts,probable,https://usdieselparts.com/,DT-650017,https://usdieselparts.com/search.php?search_query={sku},search_results,GET,query,custom,bigcommerce_search_php_query,custom_route_template,http_first_with_browser_fallback,yes,no,low,verified,confirmed,high,playwright_search_submit,http_first,results_page_clickthrough,drop_first_dash_token,,,,,,,,,,,,,,,jsonld>embedded_state>dom,gallery_scope_only,
Dynomite Diesel,Dynomite Diesel,probable,https://dynomitediesel.com/,DDP305-50NZ,https://dynomitediesel.com/search?type=product&q={sku},search_results,GET,q,custom,shopify_product_search,custom_route_template,http_first_with_browser_fallback,yes,no,low,detected,detected,medium,jsonld_searchaction_or_html_form,http_first,results_page_clickthrough,identity,,no,https://dynomitediesel.com/,,,,body search results page,a[href*='/products/'],first_result,,,,,,jsonld>embedded_state>dom,gallery_scope_only,"March 14, 2026 live follow-up: the current Shopify suggest path did not return reliable hits; exact search-page matches only resolved a narrow subset such as DDP305-50NZ and DDPLB7-50NZ while many package SKUs still missed. Keep out of the shared Shopify-suggest subgroup until a second Shopify subfamily or vendor-specific rule is defined. | Treat Dynomite as a separate Shopify-family clickthrough rule: search exact SKU on the results page, click the first /products/ result, then confirm on the detail page."
Edge Products,Edge Products,probable,https://www.edgeproducts.com/,EDG-28405,https://www.edgeproducts.com/search/?q={sku},search_results,GET,q,custom,path_or_query_search,custom_route_template,http_first_with_browser_fallback,yes,no,medium,verified,confirmed,high,manual_user_seed,http_first,results_page_clickthrough,drop_first_dash_token,,,,,,,,,,,,,,,jsonld>embedded_state>dom,gallery_scope_only,Confirmed by manual site search flow: search 123 on site and record resulting URL. Existing note: search-template fetch error: HTTP Error 403: Forbidden
Empire Performance Engineering,Empire Performance Engineering,probable,https://empireperformance.com.au/,,https://empireperformance.com.au/search?type=product&q={sku},search_results,GET,q,custom,shopify_product_search,custom_route_template,http_first_with_browser_fallback,yes,no,low,verified,confirmed,high,playwright_search_submit,http_first,shopify_suggest_json,identity,drop_restock_suffix,no,https://empireperformance.com.au/,,,,,,,"https://empireperformance.com.au/search/suggest.json?q={sku}&resources[type]=product,page,article,collection&resources[limit]=10&resources[options][unavailable_products]=hide&resources[options][fields]=title,author,body,product_type,tag,variants.sku,variants.title,vendor",,,,,jsonld>embedded_state>dom,gallery_scope_only,"Captured by live browser submit on vendor site using generic probe query. Search UI resolved to https://empireperformance.com.au/search?type=product&q={sku}. | Use Shopify suggest JSON first. Try the full vendor SKU exactly, then retry without a trailing RESTOCK suffix when present."
Fairchild Industries,Fairchild Industries,probable,https://fairchildindustries.com/,FI-F3019,https://fairchildindustries.com/search/{sku}/,search_results,GET,,custom,custom_search,custom_route_template,http_first_with_browser_fallback,yes,no,low,detected,detected,medium,jsonld_searchaction_or_html_form,http_first,,,,,,,,,,,,,,,,,jsonld>embedded_state>dom,gallery_scope_only,
Fender Gripper,Fender Gripper,probable,https://www.holley.com/brands/fender_gripper/,FND-FG2001,https://www.holley.com/search/?q={sku},search_results,GET,q,custom,path_or_query_search,custom_route_template,http_first_with_browser_fallback,yes,no,low,verified,confirmed,high,manual_parent_brand_holley_search,http_first,results_page_clickthrough,drop_first_dash_token,,,,,,,,,,,,,,,jsonld>embedded_state>dom,gallery_scope_only,Fender Gripper uses Holley search. Confirmed manual search route: https://www.holley.com/search/?q={sku}.
Ford Motor Company,Ford Motor Company,probable,https://corporate.ford.com/about/brands/,FA-1757,https://www.ford.com/search/?f%3AsearchInputString={sku},search_results,GET,f:searchInputString,custom,path_or_query_search,custom_route_template,http_first_with_browser_fallback,yes,no,low,verified,confirmed,high,manual_user_seed,http_first,results_page_clickthrough,drop_first_dash_token,,,,,,,,,,,,,,,jsonld>embedded_state>dom,gallery_scope_only,Confirmed manual search route: https://www.ford.com/search/?f%3AsearchInputString={sku}.
Fumoto Engineering,Fumoto Engineering,confirmed,https://www.fumotousa.com/,F-104,https://www.fumotousa.com/?target=search&mode=search&substring={sku}&including=all,search_results,GET,substring,custom,substring_search,custom_route_template,http_first_with_browser_fallback,yes,no,low,verified,confirmed,high,playwright_search_submit,http_first,results_page_clickthrough,identity,,yes,https://www.fumotousa.com/,,,,,,,,,,,,jsonld>embedded_state>dom,gallery_scope_only,Use exact SKU as-is on the X-Cart substring search URL. No clickthrough needed.
Hays Clutches,Hays Clutches,probable,https://www.holley.com/brands/hays/,HAYS-92D-3000,https://www.holley.com/search/?q={sku},search_results,GET,q,custom,path_or_query_search,custom_route_template,http_first_with_browser_fallback,yes,no,low,verified,confirmed,high,manual_parent_brand_holley_search,http_first,results_page_clickthrough,drop_first_dash_token,,,,,,,,,,,,,,,jsonld>embedded_state>dom,gallery_scope_only,Hays Clutches uses Holley search. Confirmed manual search route: https://www.holley.com/search/?q={sku}.
HPS Performance,HPS Performance,probable,https://hpsperformanceproducts.com/,HPS-57-2209,https://hpsperformanceproducts.com/search?q={sku},search_results,GET,q,custom,generic_q_search,custom_route_template,http_first_with_browser_fallback,yes,no,low,verified,confirmed,high,manual_user_seed,http_first,shopify_suggest_json,drop_first_dash_token,,,,,,,,,,https://hpsperformanceproducts.com/search/suggest.json?q={sku}&resources[type]=product&resources[limit]=5,,,,,jsonld>embedded_state>dom,gallery_scope_only,Confirmed manual search route: https://hpsperformanceproducts.com/pages/search-results-page?q={sku}.
MAHLE,MAHLE,probable,https://www.mahle.com/,MAH-54174,https://www.mahle.com/en/search/?q={sku},search_results,GET,q,custom,path_or_query_search,custom_route_template,http_first_with_browser_fallback,yes,no,low,detected,detected,medium,jsonld_searchaction_or_html_form,http_first,results_page_clickthrough,drop_first_dash_token,,,,,,,,,,,,,,,jsonld>embedded_state>dom,gallery_scope_only,
Mopar | Factory OEM Dodge Ram,Mopar | Factory OEM Dodge Ram,probable,https://www.mopar.com/en-us.html,MOP-52087514,https://www.mopar.com/en-us/search/results.html?search={sku},search_results,GET,search,custom,path_or_query_search,custom_route_template,http_first_with_browser_fallback,yes,no,medium,verified,confirmed,high,manual_user_seed,http_first,results_page_clickthrough,drop_first_dash_token,,,,,,,,,,,,,,,jsonld>embedded_state>dom,gallery_scope_only,Confirmed by manual site search flow: search 123 on site and record resulting URL. Existing note: search-template fetch error: HTTP Error 403: Forbidden
Nitrous Express,Nitrous Express,probable,https://www.nitrousexpress.com/,NX-D1000,https://www.nitrousexpress.com/search.asp?search_prod={sku},search_results,GET,search_prod,custom,product_search_search_prod,custom_route_template,http_first_with_browser_fallback,yes,no,low,verified,confirmed,high,playwright_search_submit,http_first,results_page_clickthrough,drop_first_dash_token,,no,https://www.nitrousexpress.com/search.asp?search_prod={sku},,,,,a[href*='_p_'],first_result,,,,,,jsonld>embedded_state>dom,gallery_scope_only,Searchspring site_id=k5zzdj added to engine registry. drop_first_dash_token strips NX- prefix. Results on nitrousexpress.com. Search page bot-challenge bypassed via Searchspring API. | Searchspring site_id=k5zzdj registered in engine. drop_first_dash_token strips NX- prefix (NX-20421 -> 20421 matches bgfilter.sku exactly). Numeric NX SKUs resolve via Searchspring. NXD-prefix diesel SKUs break bgfilter.ss_sku — avoid as test samples.
Proforged,Proforged Steering & Suspension,probable,https://proforged.com/,PROF-104-10966,https://proforged.com/search.php?search_query={sku},search_results,GET,query,custom,bigcommerce_search_php_query,custom_route_template,http_first_with_browser_fallback,yes,no,medium,verified,confirmed,high,manual_user_seed,http_first,results_page_clickthrough,drop_first_dash_token,,,,,,,,,,,,,,,jsonld>embedded_state>dom,gallery_scope_only,Confirmed by manual site search flow: search 123 on site and record resulting URL. Existing note: search-template fetch error: HTTP Error 403: Forbidden
Prothane,Prothane,probable,https://prothane.com/,PRTH-7-141,https://prothane.com/?post_type=product&product_cat=&s={sku},search_results,GET,s,custom,wordpress_s_query,custom_route_template,http_first_with_browser_fallback,yes,no,low,verified,confirmed,high,playwright_search_submit,http_first,results_page_clickthrough,drop_first_dash_token,,,,,,,,,,,,,,,jsonld>embedded_state>dom,gallery_scope_only,
Realtruck Superlift Suspension,RealTruck SuperLift Suspension,confirmed,https://realtruck.com/b/superlift/,RT-146,https://realtruck.com/search/?q={sku},search_results,GET,q,custom,path_or_query_search,custom_route_template,http_first_with_browser_fallback,yes,no,low,detected,detected,medium,jsonld_searchaction_or_html_form,http_first,results_page_clickthrough,drop_first_dash_token,,,,,,,,,,,,,,,jsonld>embedded_state>dom,gallery_scope_only,
RetroBright LED,RetroBright LED,probable,https://www.holley.com/brands/holley_retrobright/,RB-LFRB130,https://www.holley.com/search/?q={sku},search_results,GET,q,custom,path_or_query_search,custom_route_template,http_first_with_browser_fallback,yes,no,low,verified,confirmed,high,manual_parent_brand_holley_search,http_first,results_page_clickthrough,drop_first_dash_token,,,,,,,,,,,,,,,jsonld>embedded_state>dom,gallery_scope_only,RetroBright LED uses Holley search. Confirmed manual search route: https://www.holley.com/search/?q={sku}.
RockJock,RockJock,confirmed,https://www.rockjock4x4.com/,RJ-CE-9114,https://www.rockjock4x4.com/search?keywords={sku},search_results,GET,keywords,custom,generic_keyword_search,direct_query_template,http_first_with_browser_fallback,yes,no,low,verified,confirmed,high,playwright_search_submit,http_first,,,,,,,,,,,,,,,,,jsonld>embedded_state>dom,gallery_scope_only,
Sinister Diesel,Sinister Diesel,confirmed,https://sinisterdiesel.com/,SD-OC-6.0,https://sinisterdiesel.com/mm5/merchant.mvc?Screen=SRCH&Search={sku},search_results,GET,Search,custom,path_or_query_search,custom_route_template,browser_first,yes,no,low,verified,confirmed,high,manual_form_action_validation,http_first,results_page_clickthrough,drop_first_dash_token,,,,,,,,,,,,,,,jsonld>embedded_state>dom,gallery_scope_only,
Snow Performance,Snow Performance,confirmed,https://www.snowperformance.net/,SP-430,https://www.snowperformance.net/search.asp?search_prod={sku},search_results,GET,search_prod,custom,product_search_search_prod,custom_route_template,http_first_with_browser_fallback,yes,no,low,verified,confirmed,high,playwright_search_submit,http_first,results_page_clickthrough,drop_first_dash_token,,no,https://www.snowperformance.net/search.asp?search_prod={sku},,,,,a[href*='_p_'],first_result,,,,,,jsonld>embedded_state>dom,gallery_scope_only,Searchspring site_id=k5zzdj added to engine registry. drop_first_dash_token strips SP- prefix (SP-430 -> 430). Results point to nitrousexpress.com product pages which are directly accessible. | Searchspring site_id=k5zzdj registered. drop_first_dash_token strips SP- prefix; numeric SKUs (430 325) match bgfilter.sku directly. SP-40016 has SNO- prefix in Searchspring catalog causing ss_sku false positives — use numeric-only SP SKUs.
SSBC-USA,SSBC-USA,confirmed,https://ssbc-usa.com/,SSBC-10126,https://ssbc-usa.com/search?type=product&q={sku},search_results,GET,q,custom,shopify_product_search,custom_route_template,http_first_with_browser_fallback,yes,no,low,verified,confirmed,high,playwright_search_submit,http_first,shopify_suggest_json,drop_first_dash_token,,no,https://ssbc-usa.com/,,,,,,,"https://ssbc-usa.com/search/suggest.json?q={sku}&resources[type]=product,page,article,collection&resources[limit]=10&resources[options][unavailable_products]=hide&resources[options][fields]=title,author,body,product_type,tag,variants.sku,variants.title,vendor",,,,,jsonld>embedded_state>dom,gallery_scope_only,Use Shopify suggest JSON first and strip the leading vendor token from the SKU before search.
Superchips,Superchips,probable,https://superchips.com/,SC-1545,https://www.holley.com/search/?q={sku},search_results,GET,q,custom,path_or_query_search,custom_route_template,http_first_with_browser_fallback,yes,no,low,verified,confirmed,high,inferred_parent_brand_holley_search,http_first,results_page_clickthrough,drop_first_dash_token,,,,,,,,,,,,,,,jsonld>embedded_state>dom,gallery_scope_only,Inferred from live browser redirect: superchips.com resolves onto a Holley-hosted brand page. Using Holley search route https://www.holley.com/search/?q={sku}.
Suspension MAXX,Suspension MAXX,confirmed,https://suspensionmaxx.com/,SMX-2535,https://suspensionmaxx.com/catalog?search_api_fulltext={sku},search_results,GET,search_api_fulltext,custom,drupal_search_api,custom_route_template,http_first_with_browser_fallback,yes,no,low,verified,confirmed,high,playwright_search_submit,http_first,,,,,,,,,,,,,,,,,jsonld>embedded_state>dom,gallery_scope_only,
Synapse Auto,Synapse Auto,probable,https://synapseauto.com/,SYNA-S79-L5P1,https://synapseauto.com/filterSearch?advs=true&cid=0&mid=0&vid=0&q={sku}&sid=true&isc=true&orderBy=0,search_results,GET,q,custom,custom_search,custom_route_template,http_first_with_browser_fallback,yes,no,low,verified,confirmed,high,playwright_search_submit,http_first,,,,,,,,,,,,,,,,,jsonld>embedded_state>dom,gallery_scope_only,
Synergy Manufacturing,Synergy Manufacturing,confirmed,https://www.synergymfg.com/,SYN-8581,https://www.synergymfg.com/?target=search&mode=search&substring={sku},search_results,GET,substring,custom,substring_search,custom_route_template,http_first_with_browser_fallback,yes,no,low,verified,confirmed,high,playwright_search_submit,http_first,results_page_clickthrough,identity,,yes,https://www.synergymfg.com/,,,,,,,,,,,,jsonld>embedded_state>dom,gallery_scope_only,Use exact SKU as-is on the X-Cart substring search URL. No clickthrough needed.
Turbo Time USA,Turbo Time USA,confirmed,https://turbotimeusa.com/,TTP-LB-VGT-60,https://turbotimeusa.com/search?type=product%2Carticle%2Cpage&q={sku},search_results,GET,q,custom,shopify_product_search,custom_route_template,http_first_with_browser_fallback,yes,no,low,verified,confirmed,high,playwright_search_submit,http_first,shopify_suggest_json,drop_first_dash_token,,no,https://turbotimeusa.com/,,,,,,,"https://turbotimeusa.com/search/suggest.json?q={sku}&resources[type]=product,page,article,collection&resources[limit]=10&resources[options][unavailable_products]=hide&resources[options][fields]=title,author,body,product_type,tag,variants.sku,variants.title,vendor",,,,,jsonld>embedded_state>dom,gallery_scope_only,Use Shopify suggest JSON first and strip the leading vendor token from the SKU before search.
Auto Meter,Auto Meter,probable,https://www.autometer.com/,AM-8586,https://www.autometer.com/catalogsearch/result?q={sku},search_results,GET,q,magento,magento_catalogsearch,catalog_or_storefront_search,http_first_with_browser_fallback,yes,no,medium,verified,confirmed,high,manual_user_seed,http_first,,,,,,,,,,,,,,,,,jsonld>embedded_state>dom,gallery_scope_only,"Manual note: appending SKU lands on a 0-results page, waits a few seconds, then refreshes into the product page. Existing note: search-template fetch error: HTTP Error 403: Forbidden"
KC HiLiTES,KC HiLiTES,probable,https://www.kchilites.com/,KC-490,https://www.kchilites.com/catalogsearch/result/?q={sku},search_results,GET,q,magento,magento_catalogsearch,catalog_or_storefront_search,http_first_with_browser_fallback,yes,no,medium,verified,confirmed,high,manual_user_seed,http_first,,,,,,,,,,,,,,,,,jsonld>embedded_state>dom,gallery_scope_only,Confirmed by manual site search flow: search 123 on site and record resulting URL. Existing note: search-template fetch error: HTTP Error 403: Forbidden
Airaid,Airaid,probable,https://www.airaid.com/,AIR-300-128,https://www.airaid.com/search/{sku},search_results,GET,,wordpress_like,wordpress_search_path,custom_route_template,http_first_with_browser_fallback,yes,no,medium,verified,confirmed,high,manual_user_seed,http_first,,,,,,,,,,,,,,,,,jsonld>embedded_state>dom,gallery_scope_only,Path-style search URL confirmed manually from site search UI. Existing note: search-template fetch error: HTTP Error 403: Forbidden
Dayco,Dayco,probable,https://www.dayco.com/,DC-71716,https://www.dayco.com/na-en/?s={sku},search_results,GET,s,wordpress_like,wordpress_s_query,direct_query_template,http_first_with_browser_fallback,yes,no,medium,verified,confirmed,high,manual_user_seed,http_first,,,,,,,,,,,,,,,,,jsonld>embedded_state>dom,gallery_scope_only,Confirmed manual search URL from site search UI. Existing note: search-template fetch error: HTTP Error 403: Forbidden
K&N Filters,K&N Filters,probable,https://www.knfilters.com/,KN-E-0776,https://www.knfilters.com/search/{sku},search_results,GET,,wordpress_like,wordpress_search_path,custom_route_template,http_first_with_browser_fallback,yes,no,medium,verified,confirmed,high,manual_user_seed,http_first,,,,,,,,,,,,,,,,,jsonld>embedded_state>dom,gallery_scope_only,Confirmed by manual site search flow: search 123 on site and record resulting URL. Existing note: search-template fetch error: HTTP Error 403: Forbidden
